year,team,conference,predicted_rating,national_rank
2015,Ohio State,Big Ten,29.5,1
2015,Alabama,SEC,29.0,2
2015,Ole Miss,SEC,27.0,3
2015,Clemson,ACC,24.0,4
2015,Florida State,ACC,23.2,5
2015,Stanford,ACC,22.8,6
2015,Oklahoma,SEC,22.7,7
2015,Notre Dame,FBS Independents,22.4,8
2015,North Carolina,ACC,20.0,9
2015,LSU,SEC,19.7,10
2015,Michigan,Big Ten,19.7,10
2015,Baylor,Big 12,19.5,12
2015,Tennessee,SEC,19.5,12
2015,Arkansas,SEC,19.2,14
2015,TCU,Big 12,19.0,15
2015,UCLA,Big Ten,18.6,16
2015,Georgia,SEC,16.8,17
2015,USC,Big Ten,16.8,17
2015,Oregon,Big Ten,15.9,19
2015,Michigan State,Big Ten,15.6,20
2015,Mississippi State,SEC,15.1,21
2015,Wisconsin,Big Ten,15.1,21
2015,Auburn,SEC,14.6,23
2015,Texas A&M,SEC,14.1,24
2015,Florida,SEC,13.8,25
2015,Louisville,ACC,13.2,26
2015,West Virginia,Big 12,12.9,27
2015,California,ACC,12.1,28
2015,Navy,American Athletic,12.1,28
2015,Boise State,Pac-12,11.8,30
2015,Virginia Tech,ACC,11.4,31
2015,Penn State,Big Ten,11.3,32
2015,Nebraska,Big Ten,11.1,33
2015,Pittsburgh,ACC,11.1,33
2015,Miami,ACC,11.0,35
2015,Utah,Big 12,11.0,35
2015,Western Kentucky,Conference USA,10.8,37
2015,Arizona State,Big 12,10.2,38
2015,Oklahoma State,Big 12,9.9,39
2015,Washington,Big Ten,9.7,40
2015,NC State,ACC,9.6,41
2015,Iowa,Big Ten,9.3,42
2015,Georgia Tech,ACC,9.0,43
2015,BYU,Big 12,8.7,44
2015,Louisiana Tech,Conference USA,8.3,45
2015,Minnesota,Big Ten,8.1,46
2015,Memphis,American Athletic,8.0,47
2015,San Diego State,Pac-12,8.0,47
2015,App State,Sun Belt,7.9,49
2015,Toledo,Mid-American,7.7,50
2015,Bowling Green,Mid-American,7.5,51
2015,Georgia Southern,Sun Belt,7.3,52
2015,Houston,Big 12,6.2,53
2015,Temple,American Athletic,6.0,54
2015,Cincinnati,Big 12,5.3,55
2015,Western Michigan,Mid-American,4.9,56
2015,Air Force,Mountain West,4.7,57
2015,Arizona,Big 12,4.7,57
2015,Boston College,ACC,4.7,57
2015,Texas Tech,Big 12,4.5,60
2015,Washington State,Pac-12,4.2,61
2015,Texas,SEC,3.7,62
2015,South Florida,American Athletic,3.6,63
2015,Marshall,Sun Belt,3.5,64
2015,Duke,ACC,3.4,65
2015,Missouri,SEC,3.4,65
2015,South Carolina,SEC,3.4,65
2015,Illinois,Big Ten,2.7,68
2015,Kansas State,Big 12,2.6,69
2015,nationalAverages,,2.23,70
2015,Southern Miss,Sun Belt,1.4,71
2015,Virginia,ACC,1.4,71
2015,Arkansas State,Sun Belt,0.5,73
2015,Colorado State,Pac-12,0.5,73
2015,Indiana,Big Ten,0.4,75
2015,Northwestern,Big Ten,0.2,76
2015,Utah State,Pac-12,-0.1,77
2015,Iowa State,Big 12,-0.3,78
2015,Kentucky,SEC,-0.3,78
2015,East Carolina,American Athletic,-0.5,80
2015,Ohio,Mid-American,-0.5,80
2015,Akron,Mid-American,-0.8,82
2015,Northern Illinois,Mountain West,-0.9,83
2015,Maryland,Big Ten,-1.6,84
2015,Vanderbilt,SEC,-1.6,84
2015,Central Michigan,Mid-American,-3.1,86
2015,Syracuse,ACC,-3.9,87
2015,Colorado,Big 12,-4.0,88
2015,San José State,Mountain West,-4.5,89
2015,Wake Forest,ACC,-4.5,89
2015,Middle Tennessee,Conference USA,-4.6,91
2015,UConn,FBS Independents,-6.3,92
2015,Georgia State,Sun Belt,-6.7,93
2015,Troy,Sun Belt,-7.0,94
2015,Louisiana,Sun Belt,-7.1,95
2015,Nevada,Mountain West,-7.1,95
2015,Purdue,Big Ten,-7.4,97
2015,Tulsa,American Athletic,-8.5,98
2015,New Mexico,Mountain West,-8.7,99
2015,Massachusetts,Mid-American,-9.5,100
2015,Florida Atlantic,American Athletic,-9.8,101
2015,Oregon State,Pac-12,-10.1,102
2015,Rutgers,Big Ten,-10.1,102
2015,Buffalo,Mid-American,-10.3,104
2015,South Alabama,Sun Belt,-10.4,105
2015,Kent State,Mid-American,-11.9,106
2015,Idaho,Big Sky,-12.2,107
2015,Fresno State,Pac-12,-12.6,108
2015,Miami (OH),Mid-American,-13.5,109
2015,Tulane,American Athletic,-14.0,110
2015,Rice,American Athletic,-14.6,111
2015,UL Monroe,Sun Belt,-14.7,112
2015,Old Dominion,Sun Belt,-14.8,113
2015,Ball State,Mid-American,-15.5,114
2015,Texas State,Pac-12,-15.5,114
2015,UCF,Big 12,-15.5,114
2015,UNLV,Mountain West,-16.2,117
2015,Hawai'i,Mountain West,-16.3,118
2015,Florida International,Conference USA,-16.6,119
2015,Wyoming,Mountain West,-16.7,120
2015,SMU,ACC,-17.5,121
2015,UTSA,American Athletic,-17.7,122
2015,New Mexico State,Conference USA,-18.6,123
2015,UTEP,Mountain West,-19.5,124
2015,Eastern Michigan,Mid-American,-19.7,125
2015,Kansas,Big 12,-21.3,126
2015,Army,American Athletic,-21.7,127
2015,Charlotte,American Athletic,-21.7,127
2015,North Texas,American Athletic,-25.0,129
2016,Alabama,SEC,31.7,1
2016,Clemson,ACC,28.7,2
2016,Washington,Big Ten,26.7,3
2016,Oklahoma,SEC,26.1,4
2016,LSU,SEC,25.3,5
2016,Michigan,Big Ten,24.4,6
2016,Florida State,ACC,24.0,7
2016,USC,Big Ten,23.6,8
2016,Louisville,ACC,22.9,9
2016,Ohio State,Big Ten,22.4,10
2016,Penn State,Big Ten,19.0,11
2016,Miami,ACC,18.6,12
2016,Oklahoma State,Big 12,16.4,13
2016,Stanford,ACC,16.4,13
2016,Tennessee,SEC,16.3,15
2016,Wisconsin,Big Ten,16.1,16
2016,North Carolina,ACC,15.9,17
2016,Notre Dame,FBS Independents,15.7,18
2016,Western Kentucky,Conference USA,15.5,19
2016,Florida,SEC,15.4,20
2016,Auburn,SEC,15.3,21
2016,Virginia Tech,ACC,15.2,22
2016,Pittsburgh,ACC,13.1,23
2016,Minnesota,Big Ten,12.6,24
2016,Ole Miss,SEC,12.4,25
2016,Toledo,Mid-American,12.3,26
2016,Texas A&M,SEC,12.0,27
2016,Temple,American Athletic,11.9,28
2016,Boise State,Pac-12,11.5,29
2016,Western Michigan,Mid-American,11.5,29
2016,San Diego State,Pac-12,11.4,31
2016,Baylor,Big 12,11.3,32
2016,West Virginia,Big 12,11.3,32
2016,TCU,Big 12,11.0,34
2016,Utah,Big 12,10.9,35
2016,Texas,SEC,10.6,36
2016,Iowa,Big Ten,10.3,37
2016,Nebraska,Big Ten,10.3,37
2016,Houston,Big 12,10.1,39
2016,South Florida,American Athletic,9.8,40
2016,NC State,ACC,9.4,41
2016,Georgia,SEC,9.3,42
2016,App State,Sun Belt,9.2,43
2016,UCLA,Big Ten,9.1,44
2016,Kansas State,Big 12,8.2,45
2016,BYU,Big 12,8.0,46
2016,Arkansas,SEC,7.9,47
2016,Georgia Tech,ACC,7.8,48
2016,Memphis,American Athletic,7.7,49
2016,Michigan State,Big Ten,7.4,50
2016,Tulsa,American Athletic,7.4,50
2016,Navy,American Athletic,6.8,52
2016,Colorado,Big 12,6.3,53
2016,Washington State,Pac-12,6.2,54
2016,Oregon,Big Ten,6.1,55
2016,Mississippi State,SEC,5.4,56
2016,Indiana,Big Ten,4.6,57
2016,Air Force,Mountain West,4.4,58
2016,Texas Tech,Big 12,3.7,59
2016,Louisiana Tech,Conference USA,3.1,60
2016,Northwestern,Big Ten,2.9,61
2016,California,ACC,2.4,62
2016,nationalAverages,,1.95,63
2016,Troy,Sun Belt,1.1,64
2016,Colorado State,Pac-12,0.8,65
2016,Iowa State,Big 12,0.7,66
2016,Southern Miss,Sun Belt,0.7,66
2016,Maryland,Big Ten,-0.6,68
2016,Wake Forest,ACC,-0.6,68
2016,Old Dominion,Sun Belt,-0.7,70
2016,Missouri,SEC,-1.0,71
2016,Arkansas State,Sun Belt,-1.2,72
2016,Vanderbilt,SEC,-1.2,72
2016,Boston College,ACC,-1.6,74
2016,Middle Tennessee,Conference USA,-1.9,75
2016,Ohio,Mid-American,-2.1,76
2016,UCF,Big 12,-2.2,77
2016,Northern Illinois,Mountain West,-2.4,78
2016,Kentucky,SEC,-2.6,79
2016,Syracuse,ACC,-2.7,80
2016,Duke,ACC,-2.8,81
2016,Arizona State,Big 12,-3.0,82
2016,Cincinnati,Big 12,-3.6,83
2016,Virginia,ACC,-3.8,84
2016,Georgia Southern,Sun Belt,-3.9,85
2016,South Carolina,SEC,-4.0,86
2016,Utah State,Pac-12,-4.4,87
2016,Arizona,Big 12,-4.5,88
2016,Oregon State,Pac-12,-4.6,89
2016,New Mexico,Mountain West,-5.1,90
2016,Akron,Mid-American,-5.6,91
2016,Central Michigan,Mid-American,-6.1,92
2016,Miami (OH),Mid-American,-6.1,92
2016,Bowling Green,Mid-American,-6.6,94
2016,Illinois,Big Ten,-6.7,95
2016,Wyoming,Mountain West,-6.9,96
2016,Ball State,Mid-American,-7.0,97
2016,Eastern Michigan,Mid-American,-8.2,98
2016,Idaho,Big Sky,-8.6,99
2016,Louisiana,Sun Belt,-8.7,100
2016,East Carolina,American Athletic,-9.0,101
2016,South Alabama,Sun Belt,-9.4,102
2016,Army,American Athletic,-9.9,103
2016,Hawai'i,Mountain West,-10.1,104
2016,SMU,ACC,-10.8,105
2016,Purdue,Big Ten,-11.0,106
2016,UTSA,American Athletic,-11.2,107
2016,UConn,FBS Independents,-11.6,108
2016,Kent State,Mid-American,-12.0,109
2016,Georgia State,Sun Belt,-12.1,110
2016,Marshall,Sun Belt,-12.7,111
2016,Nevada,Mountain West,-13.0,112
2016,San José State,Mountain West,-13.6,113
2016,Florida Atlantic,American Athletic,-14.1,114
2016,UNLV,Mountain West,-14.3,115
2016,North Texas,American Athletic,-14.6,116
2016,Tulane,American Athletic,-14.6,116
2016,Rutgers,Big Ten,-14.9,118
2016,Massachusetts,Mid-American,-15.3,119
2016,Kansas,Big 12,-15.9,120
2016,UTEP,Mountain West,-16.1,121
2016,Rice,American Athletic,-16.5,122
2016,Fresno State,Pac-12,-16.9,123
2016,New Mexico State,Conference USA,-17.2,124
2016,Buffalo,Mid-American,-18.8,125
2016,Florida International,Conference USA,-19.0,126
2016,Charlotte,American Athletic,-20.9,127
2016,UL Monroe,Sun Belt,-21.3,128
2016,Texas State,Pac-12,-25.5,129
2017,Michigan,Big Ten,19.52,1
2017,Ohio State,Big Ten,19.34,2
2017,Georgia,SEC,18.51,3
2017,Alabama,SEC,18.5,4
2017,USC,Big Ten,18.21,5
2017,LSU,SEC,17.97,6
2017,Washington,Big Ten,17.94,7
2017,Florida,SEC,17.64,8
2017,Notre Dame,FBS Independents,17.39,9
2017,Auburn,SEC,17.34,10
2017,Stanford,ACC,16.1,11
2017,Miami,ACC,15.83,12
2017,Florida State,ACC,15.75,13
2017,TCU,Big 12,15.72,14
2017,Oklahoma,SEC,14.75,15
2017,Clemson,ACC,14.61,16
2017,Penn State,Big Ten,14.18,17
2017,Texas,SEC,14.05,18
2017,Memphis,American Athletic,13.09,19
2017,Iowa,Big Ten,12.67,20
2017,Utah,Big 12,12.38,21
2017,Northwestern,Big Ten,12.2,22
2017,Virginia Tech,ACC,12.14,23
2017,Washington State,Pac-12,12.13,24
2017,Indiana,Big Ten,11.57,25
2017,Mississippi State,SEC,11.0,26
2017,Texas A&M,SEC,10.86,27
2017,South Florida,American Athletic,10.82,28
2017,Wisconsin,Big Ten,10.75,29
2017,South Carolina,SEC,10.28,30
2017,Oklahoma State,Big 12,10.03,31
2017,Louisville,ACC,10.01,32
2017,Michigan State,Big Ten,9.3,33
2017,Boise State,Pac-12,9.1,34
2017,Ole Miss,SEC,9.02,35
2017,Wake Forest,ACC,8.94,36
2017,Missouri,SEC,8.81,37
2017,Houston,Big 12,8.79,38
2017,Oregon,Big Ten,8.35,39
2017,NC State,ACC,8.2,40
2017,UCF,Big 12,7.91,41
2017,Kansas State,Big 12,7.72,42
2017,Georgia Tech,ACC,7.61,43
2017,UCLA,Big Ten,5.74,44
2017,North Carolina,ACC,5.59,45
2017,Iowa State,Big 12,5.55,46
2017,Syracuse,ACC,4.79,47
2017,Duke,ACC,4.59,48
2017,Pittsburgh,ACC,3.23,49
2017,Arizona State,Big 12,3.06,50
2017,Florida Atlantic,American Athletic,3.02,51
2017,Toledo,Mid-American,2.84,52
2017,Kentucky,SEC,2.79,53
2017,Colorado,Big 12,2.78,54
2017,Colorado State,Pac-12,2.75,55
2017,Arkansas,SEC,2.54,56
2017,West Virginia,Big 12,2.29,57
2017,Tennessee,SEC,2.22,58
2017,Arizona,Big 12,2.13,59
2017,San Diego State,Pac-12,1.88,60
2017,nationalAverages,,0.96,61
2017,Nebraska,Big Ten,0.91,62
2017,California,ACC,0.66,63
2017,Texas Tech,Big 12,0.24,64
2017,Ohio,Mid-American,0.18,65
2017,Arkansas State,Sun Belt,0.12,66
2017,Baylor,Big 12,0.05,67
2017,Western Michigan,Mid-American,-0.36,68
2017,Vanderbilt,SEC,-0.53,69
2017,Minnesota,Big Ten,-0.78,70
2017,Virginia,ACC,-0.79,71
2017,Boston College,ACC,-1.53,72
2017,Purdue,Big Ten,-1.73,73
2017,SMU,ACC,-1.79,74
2017,Southern Miss,Sun Belt,-2.23,75
2017,Marshall,Sun Belt,-2.54,76
2017,UTSA,American Athletic,-2.65,77
2017,Fresno State,Pac-12,-2.67,78
2017,Miami (OH),Mid-American,-2.74,79
2017,Utah State,Pac-12,-2.83,80
2017,Rutgers,Big Ten,-2.96,81
2017,Troy,Sun Belt,-3.06,82
2017,Illinois,Big Ten,-3.1,83
2017,Wyoming,Mountain West,-3.63,84
2017,App State,Sun Belt,-3.73,85
2017,Temple,American Athletic,-3.86,86
2017,Maryland,Big Ten,-4.0,87
2017,Northern Illinois,Mountain West,-4.8,88
2017,North Texas,American Athletic,-5.06,89
2017,Middle Tennessee,Conference USA,-5.32,90
2017,Tulane,American Athletic,-5.7,91
2017,Louisiana Tech,Conference USA,-5.74,92
2017,Navy,American Athletic,-5.82,93
2017,BYU,Big 12,-6.29,94
2017,East Carolina,American Athletic,-6.86,95
2017,Cincinnati,Big 12,-7.25,96
2017,Kansas,Big 12,-7.26,97
2017,UL Monroe,Sun Belt,-7.41,98
2017,New Mexico,Mountain West,-8.06,99
2017,Georgia Southern,Sun Belt,-8.31,100
2017,South Alabama,Sun Belt,-8.47,101
2017,Bowling Green,Mid-American,-8.58,102
2017,Air Force,Mountain West,-8.85,103
2017,Florida International,Conference USA,-8.86,104
2017,Western Kentucky,Conference USA,-8.88,105
2017,Army,American Athletic,-9.11,106
2017,San José State,Mountain West,-9.47,107
2017,Oregon State,Pac-12,-9.85,108
2017,Tulsa,American Athletic,-9.99,109
2017,Eastern Michigan,Mid-American,-10.84,110
2017,New Mexico State,Conference USA,-11.32,111
2017,Old Dominion,Sun Belt,-11.53,112
2017,Louisiana,Sun Belt,-11.82,113
2017,UConn,FBS Independents,-12.33,114
2017,Georgia State,Sun Belt,-13.53,115
2017,Nevada,Mountain West,-13.59,116
2017,Idaho,Big Sky,-13.78,117
2017,Texas State,Pac-12,-13.81,118
2017,Buffalo,Mid-American,-13.89,119
2017,Charlotte,American Athletic,-13.98,120
2017,UNLV,Mountain West,-14.0,121
2017,Hawai'i,Mountain West,-14.02,122
2017,Akron,Mid-American,-14.31,123
2017,UTEP,Mountain West,-14.31,123
2017,Rice,American Athletic,-14.43,125
2017,Massachusetts,Mid-American,-14.46,126
2017,Central Michigan,Mid-American,-14.54,127
2017,Ball State,Mid-American,-14.71,128
2017,Kent State,Mid-American,-14.75,129
2018,Notre Dame,FBS Independents,21.66,1
2018,Georgia,SEC,21.49,2
2018,Alabama,SEC,21.31,3
2018,Ohio State,Big Ten,21.18,4
2018,Clemson,ACC,20.71,5
2018,Auburn,SEC,19.49,6
2018,Michigan,Big Ten,19.43,7
2018,LSU,SEC,19.11,8
2018,Texas A&M,SEC,19.0,9
2018,Florida,SEC,18.9,10
2018,Penn State,Big Ten,18.67,11
2018,Washington,Big Ten,17.56,12
2018,Mississippi State,SEC,16.19,13
2018,USC,Big Ten,16.11,14
2018,Oklahoma,SEC,14.6,15
2018,Miami,ACC,14.49,16
2018,Missouri,SEC,12.34,17
2018,Texas,SEC,12.22,18
2018,Michigan State,Big Ten,12.09,19
2018,Wisconsin,Big Ten,12.03,20
2018,Kentucky,SEC,11.97,21
2018,Iowa,Big Ten,11.83,22
2018,Stanford,ACC,11.2,23
2018,South Carolina,SEC,11.07,24
2018,Utah,Big 12,10.82,25
2018,Oregon,Big Ten,10.55,26
2018,TCU,Big 12,10.24,27
2018,Iowa State,Big 12,10.23,28
2018,Minnesota,Big Ten,9.74,29
2018,NC State,ACC,9.01,30
2018,Duke,ACC,8.96,31
2018,Boise State,Pac-12,8.8,32
2018,Ole Miss,SEC,8.32,33
2018,Cincinnati,Big 12,8.24,34
2018,Tennessee,SEC,8.19,35
2018,West Virginia,Big 12,7.89,36
2018,Syracuse,ACC,7.82,37
2018,Oklahoma State,Big 12,7.78,38
2018,Washington State,Pac-12,7.72,39
2018,UCF,Big 12,7.71,40
2018,Arizona State,Big 12,7.42,41
2018,Nebraska,Big Ten,7.14,42
2018,Texas Tech,Big 12,6.55,43
2018,Vanderbilt,SEC,6.46,44
2018,Virginia,ACC,6.35,45
2018,Florida State,ACC,6.16,46
2018,Northwestern,Big Ten,6.0,47
2018,Virginia Tech,ACC,5.57,48
2018,Arizona,Big 12,5.26,49
2018,California,ACC,5.26,49
2018,UCLA,Big Ten,5.24,51
2018,Wake Forest,ACC,5.02,52
2018,Arkansas,SEC,4.93,53
2018,Baylor,Big 12,4.92,54
2018,Utah State,Pac-12,4.77,55
2018,Indiana,Big Ten,4.74,56
2018,App State,Sun Belt,4.69,57
2018,Pittsburgh,ACC,4.69,57
2018,Fresno State,Pac-12,4.67,59
2018,Georgia Tech,ACC,4.65,60
2018,North Carolina,ACC,4.46,61
2018,Colorado,Big 12,4.23,62
2018,Boston College,ACC,4.19,63
2018,Purdue,Big Ten,4.02,64
2018,Maryland,Big Ten,3.69,65
2018,San Diego State,Pac-12,3.63,66
2018,BYU,Big 12,3.34,67
2018,Kansas State,Big 12,3.27,68
2018,Memphis,American Athletic,2.97,69
2018,Houston,Big 12,2.87,70
2018,South Florida,American Athletic,2.03,71
2018,Toledo,Mid-American,1.74,72
2018,Troy,Sun Belt,1.18,73
2018,nationalAverages,,1.17,74
2018,Marshall,Sun Belt,0.99,75
2018,Temple,American Athletic,-0.63,76
2018,Florida Atlantic,American Athletic,-1.19,77
2018,Tulane,American Athletic,-1.46,78
2018,Illinois,Big Ten,-1.83,79
2018,UAB,American Athletic,-2.33,80
2018,Buffalo,Mid-American,-3.02,81
2018,Arkansas State,Sun Belt,-3.52,82
2018,Georgia Southern,Sun Belt,-3.6,83
2018,Miami (OH),Mid-American,-3.6,83
2018,Louisville,ACC,-3.74,85
2018,Middle Tennessee,Conference USA,-3.82,86
2018,Rutgers,Big Ten,-3.94,87
2018,Kansas,Big 12,-4.05,88
2018,North Texas,American Athletic,-4.31,89
2018,Wyoming,Mountain West,-4.53,90
2018,Ohio,Mid-American,-4.59,91
2018,Eastern Michigan,Mid-American,-4.73,92
2018,Army,American Athletic,-5.33,93
2018,Northern Illinois,Mountain West,-5.48,94
2018,Nevada,Mountain West,-5.7,95
2018,Air Force,Mountain West,-5.86,96
2018,Florida International,Conference USA,-5.87,97
2018,SMU,ACC,-5.9,98
2018,Louisiana,Sun Belt,-6.58,99
2018,Colorado State,Pac-12,-6.59,100
2018,Oregon State,Pac-12,-6.63,101
2018,East Carolina,American Athletic,-6.73,102
2018,Western Michigan,Mid-American,-7.08,103
2018,Louisiana Tech,Conference USA,-7.41,104
2018,UTSA,American Athletic,-8.83,105
2018,Georgia State,Sun Belt,-8.89,106
2018,Southern Miss,Sun Belt,-9.07,107
2018,UConn,FBS Independents,-9.41,108
2018,San José State,Mountain West,-9.44,109
2018,Old Dominion,Sun Belt,-9.51,110
2018,UNLV,Mountain West,-9.8,111
2018,New Mexico,Mountain West,-10.2,112
2018,UL Monroe,Sun Belt,-10.33,113
2018,Bowling Green,Mid-American,-10.35,114
2018,Hawai'i,Mountain West,-10.47,115
2018,Navy,American Athletic,-10.69,116
2018,Kent State,Mid-American,-10.95,117
2018,Western Kentucky,Conference USA,-11.23,118
2018,Tulsa,American Athletic,-11.51,119
2018,South Alabama,Sun Belt,-11.62,120
2018,Central Michigan,Mid-American,-11.7,121
2018,Massachusetts,Mid-American,-12.02,122
2018,Liberty,Conference USA,-12.49,123
2018,Coastal Carolina,Sun Belt,-13.3,124
2018,Akron,Mid-American,-13.49,125
2018,Ball State,Mid-American,-13.55,126
2018,Rice,American Athletic,-13.68,127
2018,Charlotte,American Athletic,-13.85,128
2018,Texas State,Pac-12,-14.0,129
2018,New Mexico State,Conference USA,-14.34,130
2018,UTEP,Mountain West,-14.59,131
2019,Penn State,Big Ten,24.3,1
2019,Georgia,SEC,24.07,2
2019,Ohio State,Big Ten,24.05,3
2019,Auburn,SEC,23.77,4
2019,Alabama,SEC,23.19,5
2019,LSU,SEC,20.09,6
2019,Michigan,Big Ten,20.03,7
2019,Oklahoma,SEC,20.0,8
2019,Florida,SEC,19.83,9
2019,Wisconsin,Big Ten,18.97,10
2019,Clemson,ACC,17.04,11
2019,Utah,Big 12,16.73,12
2019,Texas A&M,SEC,15.58,13
2019,Washington,Big Ten,15.16,14
2019,Oregon,Big Ten,14.49,15
2019,Notre Dame,FBS Independents,14.08,16
2019,Iowa,Big Ten,13.86,17
2019,Tennessee,SEC,12.79,18
2019,Baylor,Big 12,12.68,19
2019,Michigan State,Big Ten,12.08,20
2019,Minnesota,Big Ten,12.04,21
2019,Virginia Tech,ACC,11.95,22
2019,Texas,SEC,11.94,23
2019,Miami,ACC,11.85,24
2019,Iowa State,Big 12,11.6,25
2019,USC,Big Ten,11.51,26
2019,North Carolina,ACC,11.17,27
2019,Kentucky,SEC,11.08,28
2019,UCF,Big 12,10.76,29
2019,Cincinnati,Big 12,9.77,30
2019,South Carolina,SEC,9.54,31
2019,TCU,Big 12,9.1,32
2019,Indiana,Big Ten,9.07,33
2019,Missouri,SEC,7.79,34
2019,Oklahoma State,Big 12,7.52,35
2019,Boise State,Pac-12,7.48,36
2019,Ole Miss,SEC,7.09,37
2019,Memphis,American Athletic,7.06,38
2019,Virginia,ACC,6.93,39
2019,Kansas State,Big 12,6.92,40
2019,Mississippi State,SEC,6.18,41
2019,Arizona State,Big 12,6.16,42
2019,Pittsburgh,ACC,5.53,43
2019,Washington State,Pac-12,5.37,44
2019,Florida State,ACC,5.29,45
2019,Duke,ACC,4.7,46
2019,Nebraska,Big Ten,4.69,47
2019,Air Force,Mountain West,4.57,48
2019,Illinois,Big Ten,4.19,49
2019,App State,Sun Belt,4.09,50
2019,Louisiana Tech,Conference USA,3.43,51
2019,Temple,American Athletic,3.28,52
2019,Texas Tech,Big 12,3.25,53
2019,Tulane,American Athletic,3.22,54
2019,California,ACC,3.07,55
2019,Colorado,Big 12,2.98,56
2019,Purdue,Big Ten,2.91,57
2019,nationalAverages,,2.86,58
2019,Louisville,ACC,2.8,59
2019,Louisiana,Sun Belt,2.72,60
2019,BYU,Big 12,2.6,61
2019,Navy,American Athletic,2.6,61
2019,Wake Forest,ACC,2.51,63
2019,San Diego State,Pac-12,2.42,64
2019,Marshall,Sun Belt,2.26,65
2019,Western Kentucky,Conference USA,2.26,65
2019,Syracuse,ACC,2.22,67
2019,Colorado State,Pac-12,1.59,68
2019,Troy,Sun Belt,1.57,69
2019,Oregon State,Pac-12,1.28,70
2019,SMU,ACC,0.93,71
2019,Florida Atlantic,American Athletic,0.22,72
2019,Fresno State,Pac-12,0.06,73
2019,Tulsa,American Athletic,-0.01,74
2019,Utah State,Pac-12,-0.19,75
2019,Houston,Big 12,-0.55,76
2019,UCLA,Big Ten,-0.62,77
2019,Buffalo,Mid-American,-1.37,78
2019,Wyoming,Mountain West,-1.41,79
2019,Ohio,Mid-American,-1.66,80
2019,UAB,American Athletic,-1.83,81
2019,Hawai'i,Mountain West,-2.29,82
2019,Northwestern,Big Ten,-2.53,83
2019,NC State,ACC,-2.7,84
2019,Georgia Southern,Sun Belt,-2.84,85
2019,Stanford,ACC,-2.93,86
2019,Liberty,Conference USA,-2.98,87
2019,Boston College,ACC,-3.54,88
2019,Arkansas State,Sun Belt,-3.68,89
2019,West Virginia,Big 12,-4.19,90
2019,Arizona,Big 12,-4.21,91
2019,Florida International,Conference USA,-4.72,92
2019,Maryland,Big Ten,-4.75,93
2019,Southern Miss,Sun Belt,-5.15,94
2019,Ball State,Mid-American,-5.36,95
2019,Army,American Athletic,-5.52,96
2019,South Florida,American Athletic,-5.55,97
2019,Western Michigan,Mid-American,-6.23,98
2019,Central Michigan,Mid-American,-6.48,99
2019,Vanderbilt,SEC,-6.5,100
2019,Georgia Tech,ACC,-6.67,101
2019,Eastern Michigan,Mid-American,-7.07,102
2019,Arkansas,SEC,-7.33,103
2019,Rutgers,Big Ten,-7.38,104
2019,North Texas,American Athletic,-7.9,105
2019,San José State,Mountain West,-8.01,106
2019,Toledo,Mid-American,-8.29,107
2019,Charlotte,American Athletic,-8.62,108
2019,Kansas,Big 12,-8.78,109
2019,East Carolina,American Athletic,-9.23,110
2019,Miami (OH),Mid-American,-9.63,111
2019,Northern Illinois,Mountain West,-9.65,112
2019,Nevada,Mountain West,-9.99,113
2019,Georgia State,Sun Belt,-10.09,114
2019,New Mexico,Mountain West,-10.17,115
2019,Kent State,Mid-American,-10.36,116
2019,Middle Tennessee,Conference USA,-10.44,117
2019,UNLV,Mountain West,-10.61,118
2019,UL Monroe,Sun Belt,-10.87,119
2019,Rice,American Athletic,-12.46,120
2019,Coastal Carolina,Sun Belt,-13.53,121
2019,UTSA,American Athletic,-13.59,122
2019,South Alabama,Sun Belt,-13.86,123
2019,Massachusetts,Mid-American,-13.87,124
2019,New Mexico State,Conference USA,-13.98,125
2019,Texas State,Pac-12,-14.16,126
2019,UConn,FBS Independents,-14.21,127
2019,Bowling Green,Mid-American,-14.36,128
2019,Old Dominion,Sun Belt,-14.53,129
2019,UTEP,Mountain West,-14.75,130
2019,Akron,Mid-American,-16.1,131
2020,Alabama,SEC,25.88,1
2020,Ohio State,Big Ten,25.59,2
2020,Clemson,ACC,22.53,3
2020,Georgia,SEC,20.84,4
2020,Notre Dame,FBS Independents,19.65,5
2020,Texas A&M,SEC,17.2,6
2020,Auburn,SEC,16.66,7
2020,Penn State,Big Ten,16.36,8
2020,Miami,ACC,16.26,9
2020,Florida,SEC,15.98,10
2020,Oregon,Big Ten,15.74,11
2020,Oklahoma,SEC,15.6,12
2020,Michigan,Big Ten,14.66,13
2020,Wisconsin,Big Ten,14.25,14
2020,Washington,Big Ten,14.01,15
2020,Iowa,Big Ten,13.44,16
2020,Texas,SEC,12.94,17
2020,LSU,SEC,11.67,18
2020,West Virginia,Big 12,11.57,19
2020,Arizona State,Big 12,11.12,20
2020,Cincinnati,Big 12,10.34,21
2020,USC,Big Ten,10.31,22
2020,Iowa State,Big 12,10.2,23
2020,Utah,Big 12,9.77,24
2020,Oklahoma State,Big 12,9.17,25
2020,Northwestern,Big Ten,8.44,26
2020,North Carolina,ACC,7.97,27
2020,Nebraska,Big Ten,7.65,28
2020,Pittsburgh,ACC,7.59,29
2020,Indiana,Big Ten,6.78,30
2020,Ole Miss,SEC,6.34,31
2020,BYU,Big 12,6.33,32
2020,Marshall,Sun Belt,6.21,33
2020,Purdue,Big Ten,6.0,34
2020,Virginia Tech,ACC,5.98,35
2020,SMU,ACC,5.21,36
2020,UCF,Big 12,5.01,37
2020,App State,Sun Belt,4.86,38
2020,Boise State,Pac-12,4.37,39
2020,Tulane,American Athletic,3.67,40
2020,Tulsa,American Athletic,3.51,41
2020,Louisville,ACC,3.38,42
2020,Memphis,American Athletic,3.3,43
2020,TCU,Big 12,3.26,44
2020,Colorado,Big 12,2.94,45
2020,San Diego State,Pac-12,2.93,46
2020,Virginia,ACC,2.87,47
2020,Michigan State,Big Ten,2.76,48
2020,South Carolina,SEC,2.68,49
2020,Tennessee,SEC,2.68,49
2020,Coastal Carolina,Sun Belt,2.6,51
2020,Baylor,Big 12,2.56,52
2020,Arkansas,SEC,2.55,53
2020,Washington State,Pac-12,2.51,54
2020,Kentucky,SEC,2.43,55
2020,Louisiana,Sun Belt,2.25,56
2020,Minnesota,Big Ten,2.21,57
2020,Mississippi State,SEC,2.12,58
2020,NC State,ACC,2.12,58
2020,UCLA,Big Ten,2.06,60
2020,UAB,American Athletic,1.91,61
2020,Georgia Tech,ACC,1.81,62
2020,Stanford,ACC,1.51,63
2020,Liberty,Conference USA,1.48,64
2020,nationalAverages,,1.33,65
2020,Troy,Sun Belt,1.21,66
2020,Duke,ACC,1.05,67
2020,California,ACC,0.88,68
2020,Boston College,ACC,0.84,69
2020,Houston,Big 12,0.84,69
2020,Wake Forest,ACC,0.73,71
2020,Missouri,SEC,0.71,72
2020,Oregon State,Pac-12,0.7,73
2020,Arizona,Big 12,0.65,74
2020,Florida Atlantic,American Athletic,0.5,75
2020,Maryland,Big Ten,-0.03,76
2020,Texas Tech,Big 12,-0.23,77
2020,San José State,Mountain West,-0.38,78
2020,Illinois,Big Ten,-0.57,79
2020,Kansas State,Big 12,-0.59,80
2020,Western Michigan,Mid-American,-0.64,81
2020,Florida State,ACC,-1.14,82
2020,Wyoming,Mountain West,-1.19,83
2020,Nevada,Mountain West,-1.59,84
2020,Toledo,Mid-American,-1.62,85
2020,Buffalo,Mid-American,-3.0,86
2020,Ohio,Mid-American,-3.02,87
2020,Georgia Southern,Sun Belt,-3.4,88
2020,Central Michigan,Mid-American,-3.5,89
2020,Louisiana Tech,Conference USA,-3.94,90
2020,Georgia State,Sun Belt,-3.96,91
2020,Western Kentucky,Conference USA,-4.42,92
2020,Army,American Athletic,-4.47,93
2020,Arkansas State,Sun Belt,-4.56,94
2020,Colorado State,Pac-12,-4.71,95
2020,Kent State,Mid-American,-5.08,96
2020,Fresno State,Pac-12,-5.09,97
2020,Charlotte,American Athletic,-5.12,98
2020,North Texas,American Athletic,-5.22,99
2020,Southern Miss,Sun Belt,-5.4,100
2020,South Florida,American Athletic,-5.42,101
2020,Florida International,Conference USA,-5.52,102
2020,Syracuse,ACC,-5.64,103
2020,Temple,American Athletic,-6.04,104
2020,Ball State,Mid-American,-6.38,105
2020,Air Force,Mountain West,-6.51,106
2020,Vanderbilt,SEC,-6.56,107
2020,Hawai'i,Mountain West,-6.6,108
2020,Kansas,Big 12,-6.79,109
2020,Rutgers,Big Ten,-6.98,110
2020,Middle Tennessee,Conference USA,-8.1,111
2020,Rice,American Athletic,-8.41,112
2020,East Carolina,American Athletic,-8.71,113
2020,South Alabama,Sun Belt,-8.77,114
2020,UTSA,American Athletic,-8.82,115
2020,Miami (OH),Mid-American,-8.91,116
2020,Utah State,Pac-12,-8.91,116
2020,Navy,American Athletic,-9.05,118
2020,New Mexico,Mountain West,-9.97,119
2020,UTEP,Mountain West,-10.23,120
2020,Eastern Michigan,Mid-American,-10.33,121
2020,Old Dominion,Sun Belt,-10.42,122
2020,Texas State,Pac-12,-10.51,123
2020,UL Monroe,Sun Belt,-11.48,124
2020,Northern Illinois,Mountain West,-11.91,125
2020,UNLV,Mountain West,-13.97,126
2020,New Mexico State,Conference USA,-14.13,127
2020,Massachusetts,Mid-American,-14.57,128
2020,UConn,FBS Independents,-15.55,129
2020,Bowling Green,Mid-American,-16.09,130
2020,Akron,Mid-American,-18.06,131
2021,Alabama,SEC,25.89,1
2021,Ohio State,Big Ten,25.17,2
2021,Georgia,SEC,22.37,3
2021,Texas A&M,SEC,21.76,4
2021,Wisconsin,Big Ten,20.25,5
2021,Clemson,ACC,20.23,6
2021,Michigan,Big Ten,18.47,7
2021,Notre Dame,FBS Independents,15.15,8
2021,Oklahoma,SEC,14.21,9
2021,Oregon,Big Ten,14.17,10
2021,Florida,SEC,13.94,11
2021,Penn State,Big Ten,13.8,12
2021,Texas,SEC,13.61,13
2021,Arkansas,SEC,13.33,14
2021,Tennessee,SEC,13.19,15
2021,Baylor,Big 12,12.98,16
2021,Kentucky,SEC,12.31,17
2021,Nebraska,Big Ten,12.19,18
2021,Cincinnati,Big 12,11.9,19
2021,Utah,Big 12,11.86,20
2021,Arizona State,Big 12,11.85,21
2021,Miami,ACC,11.83,22
2021,NC State,ACC,11.25,23
2021,UCLA,Big Ten,10.65,24
2021,Michigan State,Big Ten,10.57,25
2021,Oklahoma State,Big 12,10.5,26
2021,Pittsburgh,ACC,10.44,27
2021,Iowa State,Big 12,10.33,28
2021,Florida State,ACC,10.22,29
2021,Ole Miss,SEC,10.13,30
2021,Iowa,Big Ten,9.67,31
2021,Minnesota,Big Ten,9.49,32
2021,Mississippi State,SEC,9.37,33
2021,North Carolina,ACC,9.25,34
2021,Kansas State,Big 12,8.86,35
2021,Houston,Big 12,8.82,36
2021,Purdue,Big Ten,8.69,37
2021,Auburn,SEC,8.64,38
2021,Boise State,Pac-12,8.1,39
2021,Oregon State,Pac-12,6.99,40
2021,LSU,SEC,6.58,41
2021,Texas Tech,Big 12,6.55,42
2021,SMU,ACC,6.48,43
2021,Louisville,ACC,6.4,44
2021,Wake Forest,ACC,6.38,45
2021,Liberty,Conference USA,5.65,46
2021,Fresno State,Pac-12,5.4,47
2021,App State,Sun Belt,5.36,48
2021,Louisiana,Sun Belt,5.01,49
2021,Marshall,Sun Belt,5.01,49
2021,Tulsa,American Athletic,4.48,51
2021,Toledo,Mid-American,4.37,52
2021,Maryland,Big Ten,4.36,53
2021,UAB,American Athletic,4.3,54
2021,Virginia,ACC,4.07,55
2021,Western Kentucky,Conference USA,4.07,55
2021,Washington State,Pac-12,4.05,57
2021,UCF,Big 12,3.95,58
2021,Coastal Carolina,Sun Belt,3.87,59
2021,San Diego State,Pac-12,3.72,60
2021,USC,Big Ten,3.43,61
2021,BYU,Big 12,3.42,62
2021,TCU,Big 12,3.15,63
2021,Air Force,Mountain West,2.96,64
2021,Missouri,SEC,2.92,65
2021,UTSA,American Athletic,2.76,66
2021,South Carolina,SEC,2.48,67
2021,West Virginia,Big 12,2.35,68
2021,Washington,Big Ten,2.22,69
2021,California,ACC,1.88,70
2021,Illinois,Big Ten,1.87,71
2021,Memphis,American Athletic,1.55,72
2021,nationalAverages,,1.51,73
2021,Boston College,ACC,1.48,74
2021,Virginia Tech,ACC,0.84,75
2021,Army,American Athletic,0.29,76
2021,Indiana,Big Ten,0.28,77
2021,Syracuse,ACC,0.04,78
2021,Rutgers,Big Ten,0.02,79
2021,Georgia Tech,ACC,-0.5,80
2021,East Carolina,American Athletic,-0.53,81
2021,Colorado State,Pac-12,-0.82,82
2021,San José State,Mountain West,-0.84,83
2021,Wyoming,Mountain West,-1.01,84
2021,Nevada,Mountain West,-1.35,85
2021,Utah State,Pac-12,-1.37,86
2021,Central Michigan,Mid-American,-1.42,87
2021,Western Michigan,Mid-American,-1.58,88
2021,Georgia State,Sun Belt,-1.79,89
2021,Middle Tennessee,Conference USA,-1.84,90
2021,Hawai'i,Mountain West,-1.89,91
2021,Tulane,American Athletic,-2.17,92
2021,Florida Atlantic,American Athletic,-2.23,93
2021,North Texas,American Athletic,-2.31,94
2021,Miami (OH),Mid-American,-2.42,95
2021,Troy,Sun Belt,-2.59,96
2021,Northern Illinois,Mountain West,-3.3,97
2021,Kent State,Mid-American,-4.59,98
2021,Eastern Michigan,Mid-American,-5.11,99
2021,UTEP,Mountain West,-5.45,100
2021,Navy,American Athletic,-5.58,101
2021,Northwestern,Big Ten,-5.66,102
2021,Old Dominion,Sun Belt,-5.92,103
2021,South Alabama,Sun Belt,-6.14,104
2021,Colorado,Big 12,-6.59,105
2021,Stanford,ACC,-6.63,106
2021,Arizona,Big 12,-6.89,107
2021,South Florida,American Athletic,-7.55,108
2021,Duke,ACC,-7.95,109
2021,Louisiana Tech,Conference USA,-8.71,110
2021,UNLV,Mountain West,-8.98,111
2021,Temple,American Athletic,-9.26,112
2021,Vanderbilt,SEC,-9.29,113
2021,Buffalo,Mid-American,-9.47,114
2021,Ball State,Mid-American,-9.59,115
2021,Ohio,Mid-American,-9.71,116
2021,Southern Miss,Sun Belt,-9.75,117
2021,Georgia Southern,Sun Belt,-9.81,118
2021,Arkansas State,Sun Belt,-9.91,119
2021,Kansas,Big 12,-10.29,120
2021,Texas State,Pac-12,-10.52,121
2021,Bowling Green,Mid-American,-10.56,122
2021,New Mexico,Mountain West,-11.2,123
2021,Charlotte,American Athletic,-11.64,124
2021,Florida International,Conference USA,-12.72,125
2021,UL Monroe,Sun Belt,-14.09,126
2021,UConn,FBS Independents,-16.79,127
2021,Rice,American Athletic,-16.9,128
2021,Akron,Mid-American,-17.39,129
2021,Massachusetts,Mid-American,-17.56,130
2021,New Mexico State,Conference USA,-18.08,131
2022,Alabama,SEC,25.86,1
2022,Ohio State,Big Ten,25.55,2
2022,Georgia,SEC,23.56,3
2022,Penn State,Big Ten,21.02,4
2022,Texas,SEC,19.76,5
2022,Michigan,Big Ten,17.63,6
2022,Tennessee,SEC,16.79,7
2022,TCU,Big 12,15.16,8
2022,LSU,SEC,14.62,9
2022,Utah,Big 12,13.78,10
2022,Clemson,ACC,13.75,11
2022,Oregon,Big Ten,13.71,12
2022,Notre Dame,FBS Independents,13.26,13
2022,Kansas State,Big 12,13.16,14
2022,Oklahoma,SEC,13.03,15
2022,Mississippi State,SEC,12.51,16
2022,Oregon State,Pac-12,12.18,17
2022,UCF,Big 12,11.89,18
2022,Ole Miss,SEC,11.82,19
2022,Florida State,ACC,11.37,20
2022,Texas A&M,SEC,11.27,21
2022,USC,Big Ten,10.78,22
2022,Purdue,Big Ten,10.09,23
2022,Illinois,Big Ten,9.66,24
2022,Kentucky,SEC,9.49,25
2022,Iowa,Big Ten,9.25,26
2022,Missouri,SEC,9.12,27
2022,Maryland,Big Ten,9.08,28
2022,Minnesota,Big Ten,8.93,29
2022,North Carolina,ACC,8.74,30
2022,Washington,Big Ten,8.7,31
2022,Cincinnati,Big 12,8.67,32
2022,Wisconsin,Big Ten,8.16,33
2022,NC State,ACC,7.95,34
2022,Washington State,Pac-12,7.66,35
2022,Arkansas,SEC,7.62,36
2022,UCLA,Big Ten,7.62,36
2022,Tulane,American Athletic,7.49,38
2022,Pittsburgh,ACC,7.45,39
2022,Baylor,Big 12,7.39,40
2022,Auburn,SEC,7.36,41
2022,Oklahoma State,Big 12,7.18,42
2022,Louisville,ACC,6.97,43
2022,Florida,SEC,6.93,44
2022,Wake Forest,ACC,6.57,45
2022,South Carolina,SEC,6.56,46
2022,Texas Tech,Big 12,5.81,47
2022,Boise State,Pac-12,5.59,48
2022,James Madison,Sun Belt,5.18,49
2022,Iowa State,Big 12,5.14,50
2022,SMU,ACC,4.96,51
2022,Memphis,American Athletic,4.73,52
2022,California,ACC,4.44,53
2022,Duke,ACC,4.2,54
2022,South Alabama,Sun Belt,4.18,55
2022,Michigan State,Big Ten,4.14,56
2022,UTSA,American Athletic,3.97,57
2022,Houston,Big 12,3.54,58
2022,Syracuse,ACC,3.47,59
2022,West Virginia,Big 12,3.29,60
2022,Vanderbilt,SEC,3.11,61
2022,Miami,ACC,2.88,62
2022,Troy,Sun Belt,2.88,62
2022,Nebraska,Big Ten,2.85,64
2022,Arizona State,Big 12,2.24,65
2022,Kansas,Big 12,2.15,66
2022,Fresno State,Pac-12,1.98,67
2022,App State,Sun Belt,1.88,68
2022,Arizona,Big 12,1.58,69
2022,nationalAverages,,1.56,70
2022,Western Kentucky,Conference USA,1.52,71
2022,East Carolina,American Athletic,1.36,72
2022,Marshall,Sun Belt,1.24,73
2022,Louisiana,Sun Belt,1.18,74
2022,BYU,Big 12,1.12,75
2022,Indiana,Big Ten,1.08,76
2022,UAB,American Athletic,0.83,77
2022,Coastal Carolina,Sun Belt,0.6,78
2022,Air Force,Mountain West,0.59,79
2022,North Texas,American Athletic,0.17,80
2022,Liberty,Conference USA,0.05,81
2022,San José State,Mountain West,-0.3,82
2022,Stanford,ACC,-0.75,83
2022,San Diego State,Pac-12,-0.82,84
2022,Army,American Athletic,-1.68,85
2022,Southern Miss,Sun Belt,-1.83,86
2022,Toledo,Mid-American,-1.91,87
2022,Georgia State,Sun Belt,-2.33,88
2022,Tulsa,American Athletic,-2.62,89
2022,Ohio,Mid-American,-3.71,90
2022,Virginia Tech,ACC,-3.78,91
2022,Rutgers,Big Ten,-4.01,92
2022,Georgia Tech,ACC,-4.14,93
2022,Florida Atlantic,American Athletic,-4.35,94
2022,Georgia Southern,Sun Belt,-4.38,95
2022,Eastern Michigan,Mid-American,-4.77,96
2022,Boston College,ACC,-5.39,97
2022,Virginia,ACC,-5.55,98
2022,Middle Tennessee,Conference USA,-5.62,99
2022,Northwestern,Big Ten,-7.14,100
2022,Navy,American Athletic,-7.57,101
2022,Temple,American Athletic,-8.24,102
2022,Central Michigan,Mid-American,-8.54,103
2022,Miami (OH),Mid-American,-8.59,104
2022,UNLV,Mountain West,-8.83,105
2022,South Florida,American Athletic,-9.11,106
2022,Texas State,Pac-12,-9.26,107
2022,Wyoming,Mountain West,-9.43,108
2022,Arkansas State,Sun Belt,-9.57,109
2022,UTEP,Mountain West,-9.64,110
2022,Western Michigan,Mid-American,-9.68,111
2022,Utah State,Pac-12,-9.74,112
2022,Rice,American Athletic,-9.8,113
2022,Louisiana Tech,Conference USA,-9.84,114
2022,UConn,FBS Independents,-10.07,115
2022,New Mexico State,Conference USA,-10.22,116
2022,Buffalo,Mid-American,-10.23,117
2022,Kent State,Mid-American,-10.58,118
2022,Colorado,Big 12,-10.78,119
2022,Ball State,Mid-American,-10.79,120
2022,Old Dominion,Sun Belt,-10.85,121
2022,Charlotte,American Athletic,-11.37,122
2022,UL Monroe,Sun Belt,-12.31,123
2022,Northern Illinois,Mountain West,-12.41,124
2022,Bowling Green,Mid-American,-13.27,125
2022,Nevada,Mountain West,-14.88,126
2022,Colorado State,Pac-12,-15.51,127
2022,New Mexico,Mountain West,-16.39,128
2022,Hawai'i,Mountain West,-16.9,129
2022,Massachusetts,Mid-American,-17.06,130
2022,Akron,Mid-American,-17.21,131
2022,Florida International,Conference USA,-18.23,132
2023,Georgia,SEC,25.99,1
2023,Ohio State,Big Ten,24.97,2
2023,Michigan,Big Ten,24.92,3
2023,Penn State,Big Ten,24.91,4
2023,Oregon,Big Ten,21.89,5
2023,Alabama,SEC,21.28,6
2023,Notre Dame,FBS Independents,21.03,7
2023,Texas,SEC,19.79,8
2023,Oklahoma,SEC,18.49,9
2023,Texas A&M,SEC,16.71,10
2023,LSU,SEC,16.68,11
2023,Ole Miss,SEC,15.45,12
2023,Florida State,ACC,15.14,13
2023,Tennessee,SEC,14.91,14
2023,Miami,ACC,14.73,15
2023,Missouri,SEC,12.87,16
2023,USC,Big Ten,12.56,17
2023,Clemson,ACC,11.84,18
2023,Kansas State,Big 12,11.63,19
2023,Arizona,Big 12,11.35,20
2023,Utah,Big 12,10.64,21
2023,Washington,Big Ten,10.28,22
2023,Florida,SEC,10.24,23
2023,Auburn,SEC,9.89,24
2023,Louisville,ACC,9.77,25
2023,UCLA,Big Ten,9.42,26
2023,Maryland,Big Ten,9.06,27
2023,NC State,ACC,9.01,28
2023,TCU,Big 12,8.97,29
2023,Wisconsin,Big Ten,8.32,30
2023,SMU,ACC,8.27,31
2023,Iowa,Big Ten,8.21,32
2023,Kentucky,SEC,7.87,33
2023,South Carolina,SEC,7.68,34
2023,Duke,ACC,7.57,35
2023,Oregon State,Pac-12,7.48,36
2023,Texas Tech,Big 12,7.18,37
2023,Boise State,Pac-12,7.16,38
2023,West Virginia,Big 12,6.64,39
2023,North Carolina,ACC,6.55,40
2023,Kansas,Big 12,6.2,41
2023,Iowa State,Big 12,6.15,42
2023,James Madison,Sun Belt,5.25,43
2023,Arkansas,SEC,5.0,44
2023,Oklahoma State,Big 12,4.91,45
2023,UTSA,American Athletic,4.78,46
2023,California,ACC,4.63,47
2023,Troy,Sun Belt,4.57,48
2023,Virginia Tech,ACC,4.3,49
2023,Minnesota,Big Ten,4.23,50
2023,Georgia Tech,ACC,4.08,51
2023,Nebraska,Big Ten,3.95,52
2023,UCF,Big 12,3.73,53
2023,Washington State,Pac-12,3.68,54
2023,Liberty,Conference USA,3.61,55
2023,Memphis,American Athletic,3.56,56
2023,Illinois,Big Ten,3.52,57
2023,App State,Sun Belt,2.72,58
2023,Colorado,Big 12,2.7,59
2023,South Alabama,Sun Belt,2.46,60
2023,BYU,Big 12,2.43,61
2023,Rutgers,Big Ten,2.3,62
2023,Mississippi State,SEC,2.24,63
2023,Northwestern,Big Ten,2.15,64
2023,Syracuse,ACC,1.86,65
2023,Air Force,Mountain West,1.39,66
2023,Fresno State,Pac-12,1.19,67
2023,Toledo,Mid-American,1.04,68
2023,Michigan State,Big Ten,0.6,69
2023,nationalAverages,,0.07,70
2023,Coastal Carolina,Sun Belt,-0.1,71
2023,Tulane,American Athletic,-0.7,72
2023,Wake Forest,ACC,-0.84,73
2023,South Florida,American Athletic,-0.92,74
2023,Cincinnati,Big 12,-1.1,75
2023,Pittsburgh,ACC,-1.28,76
2023,Purdue,Big Ten,-1.29,77
2023,Jacksonville State,Conference USA,-1.31,78
2023,San José State,Mountain West,-1.49,79
2023,Baylor,Big 12,-1.6,80
2023,Houston,Big 12,-1.9,81
2023,Western Kentucky,Conference USA,-2.33,82
2023,Boston College,ACC,-2.39,83
2023,Louisiana,Sun Belt,-2.64,84
2023,Indiana,Big Ten,-2.96,85
2023,Texas State,Pac-12,-3.03,86
2023,Georgia Southern,Sun Belt,-3.09,87
2023,UNLV,Mountain West,-3.64,88
2023,Georgia State,Sun Belt,-3.69,89
2023,Arkansas State,Sun Belt,-4.61,90
2023,Army,American Athletic,-4.73,91
2023,North Texas,American Athletic,-4.82,92
2023,Miami (OH),Mid-American,-5.48,93
2023,Ohio,Mid-American,-5.77,94
2023,New Mexico State,Conference USA,-6.17,95
2023,East Carolina,American Athletic,-6.29,96
2023,Arizona State,Big 12,-6.56,97
2023,Wyoming,Mountain West,-6.64,98
2023,Virginia,ACC,-6.74,99
2023,Florida Atlantic,American Athletic,-6.98,100
2023,Stanford,ACC,-7.19,101
2023,Vanderbilt,SEC,-7.62,102
2023,Northern Illinois,Mountain West,-7.86,103
2023,Marshall,Sun Belt,-7.87,104
2023,Bowling Green,Mid-American,-8.05,105
2023,UConn,FBS Independents,-8.59,106
2023,Rice,American Athletic,-8.97,107
2023,San Diego State,Pac-12,-9.14,108
2023,Middle Tennessee,Conference USA,-9.24,109
2023,Colorado State,Pac-12,-9.29,110
2023,Sam Houston,Conference USA,-9.29,110
2023,Southern Miss,Sun Belt,-9.39,112
2023,UAB,American Athletic,-9.62,113
2023,Old Dominion,Sun Belt,-9.68,114
2023,Tulsa,American Athletic,-9.71,115
2023,Utah State,Pac-12,-9.72,116
2023,Massachusetts,Mid-American,-9.86,117
2023,Louisiana Tech,Conference USA,-10.13,118
2023,Eastern Michigan,Mid-American,-10.59,119
2023,Ball State,Mid-American,-10.9,120
2023,Navy,American Athletic,-10.9,120
2023,Western Michigan,Mid-American,-10.9,120
2023,Temple,American Athletic,-11.52,123
2023,Buffalo,Mid-American,-11.71,124
2023,Central Michigan,Mid-American,-12.33,125
2023,UTEP,Mountain West,-12.68,126
2023,New Mexico,Mountain West,-12.83,127
2023,Hawai'i,Mountain West,-12.87,128
2023,Charlotte,American Athletic,-13.37,129
2023,Akron,Mid-American,-13.74,130
2023,Florida International,Conference USA,-13.9,131
2023,UL Monroe,Sun Belt,-15.18,132
2023,Nevada,Mountain West,-17.28,133
2023,Kent State,Mid-American,-17.83,134
2024,Georgia,SEC,26.26,1
2024,Ohio State,Big Ten,25.05,2
2024,Alabama,SEC,24.84,3
2024,Texas,SEC,24.73,4
2024,Oregon,Big Ten,24.06,5
2024,Notre Dame,FBS Independents,23.74,6
2024,Penn State,Big Ten,23.28,7
2024,Miami,ACC,19.46,8
2024,Tennessee,SEC,18.62,9
2024,Texas A&M,SEC,18.01,10
2024,LSU,SEC,17.53,11
2024,Florida,SEC,17.27,12
2024,South Carolina,SEC,15.54,13
2024,Clemson,ACC,15.36,14
2024,Ole Miss,SEC,14.93,15
2024,Michigan,Big Ten,14.39,16
2024,Oklahoma,SEC,13.32,17
2024,Missouri,SEC,12.95,18
2024,Indiana,Big Ten,12.37,19
2024,Auburn,SEC,12.29,20
2024,USC,Big Ten,12.06,21
2024,Kansas State,Big 12,11.23,22
2024,Arkansas,SEC,10.82,23
2024,Iowa,Big Ten,10.54,24
2024,Virginia Tech,ACC,10.26,25
2024,SMU,ACC,9.94,26
2024,North Carolina,ACC,9.72,27
2024,Kentucky,SEC,9.58,28
2024,Louisville,ACC,9.56,29
2024,Colorado,Big 12,9.41,30
2024,TCU,Big 12,9.33,31
2024,Nebraska,Big Ten,9.22,32
2024,BYU,Big 12,8.86,33
2024,Illinois,Big Ten,8.85,34
2024,Minnesota,Big Ten,8.5,35
2024,Utah,Big 12,8.2,36
2024,Texas Tech,Big 12,8.12,37
2024,Arizona State,Big 12,7.95,38
2024,Syracuse,ACC,7.88,39
2024,Rutgers,Big Ten,7.47,40
2024,Iowa State,Big 12,7.11,41
2024,Kansas,Big 12,6.27,42
2024,James Madison,Sun Belt,5.92,43
2024,Vanderbilt,SEC,5.82,44
2024,Wisconsin,Big Ten,5.45,45
2024,Duke,ACC,5.4,46
2024,NC State,ACC,5.39,47
2024,Memphis,American Athletic,5.33,48
2024,Boise State,Pac-12,5.27,49
2024,UCLA,Big Ten,5.2,50
2024,California,ACC,4.77,51
2024,UNLV,Mountain West,4.58,52
2024,Florida State,ACC,4.55,53
2024,Baylor,Big 12,4.47,54
2024,Tulane,American Athletic,4.3,55
2024,Georgia Tech,ACC,4.27,56
2024,Washington,Big Ten,4.2,57
2024,Pittsburgh,ACC,3.94,58
2024,UCF,Big 12,3.48,59
2024,UTSA,American Athletic,2.97,60
2024,Army,American Athletic,2.88,61
2024,East Carolina,American Athletic,2.79,62
2024,Mississippi State,SEC,2.79,62
2024,Louisiana,Sun Belt,2.53,64
2024,Liberty,Conference USA,2.44,65
2024,Arizona,Big 12,2.4,66
2024,Boston College,ACC,2.28,67
2024,Maryland,Big Ten,2.2,68
2024,Texas State,Pac-12,2.07,69
2024,South Florida,American Athletic,2.05,70
2024,Michigan State,Big Ten,1.86,71
2024,West Virginia,Big 12,1.75,72
2024,Washington State,Pac-12,1.46,73
2024,Toledo,Mid-American,1.26,74
2024,Cincinnati,Big 12,1.21,75
2024,Marshall,Sun Belt,1.12,76
2024,Oklahoma State,Big 12,0.93,77
2024,nationalAverages,,0.56,78
2024,North Texas,American Athletic,-0.16,79
2024,Wake Forest,ACC,-0.42,80
2024,Jacksonville State,Conference USA,-0.44,81
2024,South Alabama,Sun Belt,-0.44,81
2024,Fresno State,Pac-12,-0.57,83
2024,Georgia Southern,Sun Belt,-0.61,84
2024,Virginia,ACC,-1.38,85
2024,Western Kentucky,Conference USA,-1.47,86
2024,Miami (OH),Mid-American,-1.48,87
2024,Colorado State,Pac-12,-1.82,88
2024,Coastal Carolina,Sun Belt,-2.03,89
2024,Oregon State,Pac-12,-2.2,90
2024,UConn,FBS Independents,-2.46,91
2024,Northwestern,Big Ten,-2.62,92
2024,Houston,Big 12,-2.68,93
2024,Navy,American Athletic,-3.05,94
2024,Ohio,Mid-American,-3.54,95
2024,App State,Sun Belt,-3.57,96
2024,Troy,Sun Belt,-3.86,97
2024,San José State,Mountain West,-3.94,98
2024,Stanford,ACC,-4.15,99
2024,Bowling Green,Mid-American,-4.81,100
2024,Sam Houston,Conference USA,-5.08,101
2024,Northern Illinois,Mountain West,-5.51,102
2024,Buffalo,Mid-American,-6.79,103
2024,Air Force,Mountain West,-6.86,104
2024,Florida Atlantic,American Athletic,-7.14,105
2024,Georgia State,Sun Belt,-7.28,106
2024,Old Dominion,Sun Belt,-7.44,107
2024,Arkansas State,Sun Belt,-7.54,108
2024,San Diego State,Pac-12,-7.76,109
2024,Purdue,Big Ten,-7.92,110
2024,UAB,American Athletic,-7.97,111
2024,Utah State,Pac-12,-8.73,112
2024,Western Michigan,Mid-American,-8.77,113
2024,Charlotte,American Athletic,-8.78,114
2024,Rice,American Athletic,-8.91,115
2024,Louisiana Tech,Conference USA,-9.03,116
2024,Wyoming,Mountain West,-9.45,117
2024,Nevada,Mountain West,-9.55,118
2024,Hawai'i,Mountain West,-9.67,119
2024,Florida International,Conference USA,-10.37,120
2024,UL Monroe,Sun Belt,-10.57,121
2024,Akron,Mid-American,-10.67,122
2024,Tulsa,American Athletic,-10.71,123
2024,Central Michigan,Mid-American,-10.75,124
2024,Eastern Michigan,Mid-American,-10.85,125
2024,New Mexico State,Conference USA,-11.2,126
2024,New Mexico,Mountain West,-11.36,127
2024,Temple,American Athletic,-11.36,127
2024,Ball State,Mid-American,-12.23,129
2024,Massachusetts,Mid-American,-13.76,130
2024,Kennesaw State,Conference USA,-14.11,131
2024,Southern Miss,Sun Belt,-14.3,132
2024,Middle Tennessee,Conference USA,-16.39,133
2024,UTEP,Mountain West,-17.47,134
2024,Kent State,Mid-American,-18.03,135
2025,Georgia,SEC,25.42,1
2025,Ohio State,Big Ten,25.38,2
2025,Oregon,Big Ten,24.57,3
2025,Notre Dame,FBS Independents,22.9,4
2025,Miami,ACC,21.66,5
2025,Texas A&M,SEC,21.36,6
2025,Texas,SEC,20.25,7
2025,Penn State,Big Ten,19.4,8
2025,Alabama,SEC,19.07,9
2025,Ole Miss,SEC,18.88,10
2025,USC,Big Ten,17.43,11
2025,Oklahoma,SEC,16.42,12
2025,Missouri,SEC,15.39,13
2025,Tennessee,SEC,15.02,14
2025,Utah,Big 12,14.64,15
2025,Iowa,Big Ten,14.49,16
2025,Michigan,Big Ten,14.45,17
2025,LSU,SEC,14.31,18
2025,Vanderbilt,SEC,14.21,19
2025,Auburn,SEC,14.03,20
2025,Texas Tech,Big 12,13.36,21
2025,Indiana,Big Ten,13.14,22
2025,Nebraska,Big Ten,13.09,23
2025,Washington,Big Ten,13.06,24
2025,Clemson,ACC,13.0,25
2025,Florida State,ACC,12.98,26
2025,SMU,ACC,11.58,27
2025,BYU,Big 12,9.56,28
2025,Florida,SEC,9.26,29
2025,NC State,ACC,9.11,30
2025,South Carolina,SEC,8.89,31
2025,Georgia Tech,ACC,8.7,32
2025,TCU,Big 12,7.77,33
2025,Arizona,Big 12,7.67,34
2025,Louisville,ACC,6.97,35
2025,Virginia,ACC,6.91,36
2025,Duke,ACC,6.7,37
2025,Houston,Big 12,6.61,38
2025,Pittsburgh,ACC,6.46,39
2025,Iowa State,Big 12,6.44,40
2025,UNLV,Mountain West,6.33,41
2025,Illinois,Big Ten,6.17,42
2025,Arkansas,SEC,6.0,43
2025,James Madison,Sun Belt,5.98,44
2025,Arizona State,Big 12,5.83,45
2025,Toledo,Mid-American,5.81,46
2025,Mississippi State,SEC,5.75,47
2025,North Texas,American Athletic,5.74,48
2025,East Carolina,American Athletic,5.37,49
2025,Wake Forest,ACC,5.32,50
2025,Northwestern,Big Ten,5.19,51
2025,South Florida,American Athletic,5.09,52
2025,Kansas State,Big 12,5.07,53
2025,UCF,Big 12,5.06,54
2025,Baylor,Big 12,4.88,55
2025,Boise State,Pac-12,4.5,56
2025,San Diego State,Pac-12,4.46,57
2025,Memphis,American Athletic,4.38,58
2025,Kansas,Big 12,4.24,59
2025,Tulane,American Athletic,3.97,60
2025,Minnesota,Big Ten,3.95,61
2025,Washington State,Pac-12,3.91,62
2025,UConn,FBS Independents,3.66,63
2025,Navy,American Athletic,3.6,64
2025,Kentucky,SEC,3.55,65
2025,Wisconsin,Big Ten,3.34,66
2025,Maryland,Big Ten,3.31,67
2025,Cincinnati,Big 12,3.03,68
2025,Rutgers,Big Ten,2.99,69
2025,Old Dominion,Sun Belt,2.94,70
2025,UTSA,American Athletic,2.4,71
2025,Fresno State,Pac-12,2.27,72
2025,California,ACC,1.91,73
2025,Western Kentucky,Conference USA,1.87,74
2025,Air Force,Mountain West,1.65,75
2025,Miami (OH),Mid-American,1.2,76
2025,Michigan State,Big Ten,0.93,77
2025,Texas State,Pac-12,0.92,78
2025,nationalAverages,,0.88,79
2025,Troy,Sun Belt,0.41,80
2025,Colorado,Big 12,0.0,81
2025,West Virginia,Big 12,-0.37,82
2025,Army,American Athletic,-0.51,83
2025,Marshall,Sun Belt,-0.94,84
2025,Boston College,ACC,-1.21,85
2025,North Carolina,ACC,-1.48,86
2025,Western Michigan,Mid-American,-1.81,87
2025,Utah State,Pac-12,-2.03,88
2025,Purdue,Big Ten,-2.61,89
2025,UCLA,Big Ten,-2.67,90
2025,Virginia Tech,ACC,-2.71,91
2025,Hawai'i,Mountain West,-2.91,92
2025,Southern Miss,Sun Belt,-3.05,93
2025,New Mexico,Mountain West,-3.12,94
2025,Kennesaw State,Conference USA,-3.6,95
2025,Louisiana Tech,Conference USA,-3.61,96
2025,Ohio,Mid-American,-3.77,97
2025,Stanford,ACC,-4.1,98
2025,Temple,American Athletic,-4.33,99
2025,Jacksonville State,Conference USA,-4.34,100
2025,Georgia Southern,Sun Belt,-4.92,101
2025,Syracuse,ACC,-5.16,102
2025,Liberty,Conference USA,-5.57,103
2025,Oregon State,Pac-12,-5.72,104
2025,Oklahoma State,Big 12,-5.88,105
2025,Buffalo,Mid-American,-5.92,106
2025,Louisiana,Sun Belt,-5.97,107
2025,Arkansas State,Sun Belt,-6.14,108
2025,App State,Sun Belt,-6.52,109
2025,Tulsa,American Athletic,-6.78,110
2025,Coastal Carolina,Sun Belt,-7.07,111
2025,Colorado State,Pac-12,-7.32,112
2025,Eastern Michigan,Mid-American,-7.35,113
2025,Florida Atlantic,American Athletic,-7.54,114
2025,South Alabama,Sun Belt,-7.63,115
2025,Florida International,Conference USA,-7.67,116
2025,Bowling Green,Mid-American,-8.48,117
2025,Missouri State,Conference USA,-8.53,118
2025,Wyoming,Mountain West,-8.6,119
2025,Delaware,Conference USA,-8.65,120
2025,Central Michigan,Mid-American,-9.01,121
2025,Rice,American Athletic,-9.69,122
2025,Akron,Mid-American,-9.85,123
2025,Nevada,Mountain West,-9.87,124
2025,San José State,Mountain West,-9.91,125
2025,UAB,American Athletic,-10.53,126
2025,Middle Tennessee,Conference USA,-10.57,127
2025,Northern Illinois,Mountain West,-11.1,128
2025,New Mexico State,Conference USA,-11.64,129
2025,UTEP,Mountain West,-11.88,130
2025,Kent State,Mid-American,-12.07,131
2025,Georgia State,Sun Belt,-13.32,132
2025,UL Monroe,Sun Belt,-16.76,133
2025,Ball State,Mid-American,-17.31,134
2025,Sam Houston,Conference USA,-17.8,135
2025,Massachusetts,Mid-American,-18.53,136
2025,Charlotte,American Athletic,-18.62,137
