id,team,mascot,abbreviation,alternateNames,conference,division,classification,color,alternateColor,logos,twitter,location,lat,lon
2006,Akron,Zips,AKR,"['AKR', 'Akron']",Mid-American,East,fbs,#00285e,#84754e,"['http://a.espncdn.com/i/teamlogos/ncaa/500/2006.png', 'http://a.espncdn.com/i/teamlogos/ncaa/500-dark/2006.png']",@ZipsFB,"{'id': 3768, 'name': 'InfoCision Stadium', 'city': 'Akron', 'state': 'OH', 'zip': '44399', 'countryCode': 'US', 'timezone': 'America/New_York', 'latitude': 41.0725534, 'longitude': -81.5083408, 'elevation': '321.2875061', 'capacity': 30000, 'constructionYear': 2009, 'grass': False, 'dome': False}",41.0725534,-81.5083408
333,Alabama,Crimson Tide,ALA,"['ALA', 'Alabama']",SEC,West,fbs,#9e1632,#ffffff,"['http://a.espncdn.com/i/teamlogos/ncaa/500/333.png', 'http://a.espncdn.com/i/teamlogos/ncaa/500-dark/333.png']",@AlabamaFTBL,"{'id': 3657, 'name': 'Bryant-Denny Stadium', 'city': 'Tuscaloosa', 'state': 'AL', 'zip': '35487', 'countryCode': 'US', 'timezone': 'America/Chicago', 'latitude': 33.2082752, 'longitude': -87.5503836, 'elevation': '70.05136108', 'capacity': 101821, 'constructionYear': 1929, 'grass': True, 'dome': False}",33.2082752,-87.5503836
2010,Alabama A&M,Bulldogs,AAMU,"['AAMU', 'Alabama A&M']",SWAC,East,fcs,#790000,#ffffff,"['http://a.espncdn.com/i/teamlogos/ncaa/500/2010.png', 'http://a.espncdn.com/i/teamlogos/ncaa/500-dark/2010.png']",@AAMUFB,"{'id': 3809, 'name': 'Louis Crews Stadium', 'city': 'Huntsville', 'state': 'AL', 'zip': '35810', 'countryCode': 'US', 'timezone': 'America/Chicago', 'latitude': 34.7835363, 'longitude': -86.5784132, 'elevation': '214.9181061', 'capacity': 21000, 'constructionYear': 1996, 'grass': False, 'dome': False}",34.7835363,-86.5784132
2011,Alabama State,Hornets,ALST,"['ALST', 'Alabama St']",SWAC,East,fcs,#e9a900,#0a0a0a,"['http://a.espncdn.com/i/teamlogos/ncaa/500/2011.png', 'http://a.espncdn.com/i/teamlogos/ncaa/500-dark/2011.png']",@BamaStateFB,"{'id': 4582, 'name': 'Hornet Stadium', 'city': 'Montgomery', 'state': 'AL', 'zip': '36106', 'countryCode': 'US', 'timezone': 'America/Chicago', 'latitude': 32.3642223, 'longitude': -86.2896902, 'elevation': '79.35839844', 'capacity': 26500, 'constructionYear': 2012, 'grass': False, 'dome': False}",32.3642223,-86.2896902
2016,Alcorn State,Braves,ALCN,"['Alcorn', 'ALCN', 'Alcorn St']",SWAC,East,fcs,#4b0058,#46166a,"['http://a.espncdn.com/i/teamlogos/ncaa/500/2016.png', 'http://a.espncdn.com/i/teamlogos/ncaa/500-dark/2016.png']",@BravesSports,"{'id': 3771, 'name': 'Jack Spinks Stadium', 'city': 'Lorman', 'state': 'MS', 'zip': '39096', 'countryCode': 'US', 'timezone': 'America/Chicago', 'latitude': 31.873621, 'longitude': -91.13488, 'elevation': '72.25324249', 'capacity': 22500, 'constructionYear': 1992, 'grass': False, 'dome': False}",31.873621,-91.13488
8,Arkansas,Razorbacks,ARK,"['ARK', 'Arkansas']",SEC,West,fbs,#a41f35,#ffffff,"['http://a.espncdn.com/i/teamlogos/ncaa/500/8.png', 'http://a.espncdn.com/i/teamlogos/ncaa/500-dark/8.png']",@RazorbackFB,"{'id': 3887, 'name': 'Razorback Stadium', 'city': 'Fayetteville', 'state': 'AR', 'zip': '72702', 'countryCode': 'US', 'timezone': 'America/Chicago', 'latitude': 36.0680662, 'longitude': -94.1789534, 'elevation': '403.7972412', 'capacity': 80000, 'constructionYear': 1938, 'grass': False, 'dome': False}",36.0680662,-94.1789534
2029,Arkansas-Pine Bluff,Golden Lions,UAPB,"['Arkansas Pine Bluff', 'UAPB', 'AR-Pine Bluff']",SWAC,West,fcs,#e0aa0f,#eaaa00,"['http://a.espncdn.com/i/teamlogos/ncaa/500/2029.png', 'http://a.espncdn.com/i/teamlogos/ncaa/500-dark/2029.png']",@UAPBLionsRoar,"{'id': 3740, 'name': 'Golden Lion Stadium', 'city': 'Pine Bluff', 'state': 'AR', 'zip': '71601', 'countryCode': 'US', 'timezone': 'America/Chicago', 'latitude': 34.253327, 'longitude': -92.0214031, 'elevation': '67.71961975', 'capacity': 16000, 'constructionYear': 2000, 'grass': False, 'dome': False}",34.253327,-92.0214031
2032,Arkansas State,Red Wolves,ARST,"['ARST', 'Arkansas St']",Sun Belt,East,fbs,#e81018,#000000,"['http://a.espncdn.com/i/teamlogos/ncaa/500/2032.png', 'http://a.espncdn.com/i/teamlogos/ncaa/500-dark/2032.png']",@AStateFB,"{'id': 3625, 'name': 'Centennial Bank Stadium', 'city': 'Jonesboro', 'state': 'AR', 'zip': '72404', 'countryCode': 'US', 'timezone': 'America/Chicago', 'latitude': 35.8488977, 'longitude': -90.6677436, 'elevation': '89.52690887', 'capacity': 30382, 'constructionYear': 1974, 'grass': False, 'dome': False}",35.8488977,-90.6677436
2,Auburn,Tigers,AUB,"['AUB', 'Auburn']",SEC,West,fbs,#002b5c,#f26522,"['http://a.espncdn.com/i/teamlogos/ncaa/500/2.png', 'http://a.espncdn.com/i/teamlogos/ncaa/500-dark/2.png']",@AuburnFootball,"{'id': 3785, 'name': 'Jordan-Hare Stadium', 'city': 'Auburn', 'state': 'AL', 'zip': '36849', 'countryCode': 'US', 'timezone': 'America/Chicago', 'latitude': 32.6025532, 'longitude': -85.4897479, 'elevation': '201.1737976', 'capacity': 87451, 'constructionYear': 1939, 'grass': True, 'dome': False}",32.6025532,-85.4897479
2050,Ball State,Cardinals,BALL,"['BALL', 'Ball State']",Mid-American,West,fbs,#DA0000,#ffffff,"['http://a.espncdn.com/i/teamlogos/ncaa/500/2050.png', 'http://a.espncdn.com/i/teamlogos/ncaa/500-dark/2050.png']",@BallStateFB,"{'id': 3919, 'name': 'Scheumann Stadium', 'city': 'Muncie', 'state': 'IN', 'zip': '47306', 'countryCode': 'US', 'timezone': 'America/Indiana/Indianapolis', 'latitude': 40.2159422, 'longitude': -85.4161148, 'elevation': '285.481781', 'capacity': 22500, 'constructionYear': 1967, 'grass': False, 'dome': False}",40.2159422,-85.4161148
239,Baylor,Bears,BAY,"['BAY', 'Baylor']",Big 12,South,fbs,#154734,#ffb81c,"['http://a.espncdn.com/i/teamlogos/ncaa/500/239.png', 'http://a.espncdn.com/i/teamlogos/ncaa/500-dark/239.png']",@BUFootball,"{'id': 4727, 'name': 'McLane Stadium', 'city': 'Waco', 'state': 'TX', 'zip': '76704', 'countryCode': 'US', 'timezone': 'America/Chicago', 'latitude': 31.5582015, 'longitude': -97.1156702, 'elevation': '117.0538101', 'capacity': 45140, 'constructionYear': 2014, 'grass': False, 'dome': False}",31.5582015,-97.1156702
103,Boston College,Eagles,BC,"['BC', 'Boston College']",ACC,Atlantic,fbs,#8c2232,#dbcca6,"['http://a.espncdn.com/i/teamlogos/ncaa/500/103.png', 'http://a.espncdn.com/i/teamlogos/ncaa/500-dark/103.png']",@BCFootball,"{'id': 3615, 'name': 'Alumni Stadium (Chestnut Hill, MA)', 'city': 'Chestnut Hill', 'state': 'MA', 'zip': '2467 ', 'countryCode': 'US', 'timezone': 'America/New_York', 'latitude': 42.335104, 'longitude': -71.1664413, 'elevation': '39.82634354', 'capacity': 44500, 'constructionYear': 1957, 'grass': False, 'dome': False}",42.335104,-71.1664413
189,Bowling Green,Falcons,BGSU,"['Bowling Green State', 'BGSU', 'Bowling Green']",Mid-American,East,fbs,#2b1000,#492000,"['http://a.espncdn.com/i/teamlogos/ncaa/500/189.png', 'http://a.espncdn.com/i/teamlogos/ncaa/500-dark/189.png']",@BG_Football,"{'id': 3700, 'name': 'Doyt L. Perry Stadium', 'city': 'Bowling Green', 'state': 'OH', 'zip': '43403', 'countryCode': 'US', 'timezone': 'America/New_York', 'latitude': 41.3780114, 'longitude': -83.6225, 'elevation': '205.9057465', 'capacity': 24000, 'constructionYear': 1966, 'grass': False, 'dome': False}",41.3780114,-83.6225
2084,Buffalo,Bulls,BUF,"['BUF', 'Buffalo']",Mid-American,East,fbs,#041A9B,#ebebeb,"['http://a.espncdn.com/i/teamlogos/ncaa/500/2084.png', 'http://a.espncdn.com/i/teamlogos/ncaa/500-dark/2084.png']",@UBFootball,"{'id': 3965, 'name': 'UB Stadium', 'city': 'Amherst', 'state': 'NY', 'zip': '14260', 'countryCode': 'US', 'timezone': 'America/New_York', 'latitude': 42.9991334, 'longitude': -78.7775113, 'elevation': '181.5759735', 'capacity': 30270, 'constructionYear': 1993, 'grass': False, 'dome': False}",42.9991334,-78.7775113
2117,Central Michigan,Chippewas,CMU,"['CMU', 'C Michigan']",Mid-American,West,fbs,#6a0032,#ffc82e,"['http://a.espncdn.com/i/teamlogos/ncaa/500/2117.png', 'http://a.espncdn.com/i/teamlogos/ncaa/500-dark/2117.png']",@CMU_Football,"{'id': 3786, 'name': 'Kelly/Shorts Stadium', 'city': 'Mount Pleasant', 'state': 'MI', 'zip': '48859', 'countryCode': 'US', 'timezone': 'America/Detroit', 'latitude': 43.5777313, 'longitude': -84.7709904, 'elevation': '240.9007721', 'capacity': 30255, 'constructionYear': 1972, 'grass': False, 'dome': False}",43.5777313,-84.7709904
228,Clemson,Tigers,CLEM,"['CLEM', 'Clemson']",ACC,Atlantic,fbs,#f56600,#522d80,"['http://a.espncdn.com/i/teamlogos/ncaa/500/228.png', 'http://a.espncdn.com/i/teamlogos/ncaa/500-dark/228.png']",@ClemsonFB,"{'id': 3836, 'name': 'Memorial Stadium (Clemson, SC)', 'city': 'Clemson', 'state': 'SC', 'zip': '29634', 'countryCode': 'US', 'timezone': 'America/New_York', 'latitude': 34.6787737, 'longitude': -82.8432428, 'elevation': '205.6452179', 'capacity': 81500, 'constructionYear': 1942, 'grass': True, 'dome': False}",34.6787737,-82.8432428
38,Colorado,Buffaloes,COLO,"['COLO', 'Colorado']",Big 12,North,fbs,#CFB87C,#000000,"['http://a.espncdn.com/i/teamlogos/ncaa/500/38.png', 'http://a.espncdn.com/i/teamlogos/ncaa/500-dark/38.png']",@CUBuffsFootball,"{'id': 3726, 'name': 'Folsom Field', 'city': 'Boulder', 'state': 'CO', 'zip': '80309', 'countryCode': 'US', 'timezone': 'America/Denver', 'latitude': 40.0094746, 'longitude': -105.266905, 'elevation': '1634.041138', 'capacity': 50183, 'constructionYear': 1924, 'grass': True, 'dome': False}",40.0094746,-105.266905
48,Delaware,Blue Hens,DEL,"['DEL', 'Delaware']",CAA,South,fcs,#033594,#e8ce31,"['http://a.espncdn.com/i/teamlogos/ncaa/500/48.png', 'http://a.espncdn.com/i/teamlogos/ncaa/500-dark/48.png']",@DelawareFB,"{'id': 3695, 'name': 'Delaware Stadium', 'city': 'Newark', 'state': 'DE', 'zip': '19713', 'countryCode': 'US', 'timezone': 'America/New_York', 'latitude': 39.6617428, 'longitude': -75.7488224, 'elevation': '28.74350357', 'capacity': 22000, 'constructionYear': 1952, 'grass': False, 'dome': False}",39.6617428,-75.7488224
150,Duke,Blue Devils,DUKE,"['DUKE', 'Duke']",ACC,Coastal,fbs,#013088,#ffffff,"['http://a.espncdn.com/i/teamlogos/ncaa/500/150.png', 'http://a.espncdn.com/i/teamlogos/ncaa/500-dark/150.png']",@DukeFootball,"{'id': 3982, 'name': 'Wallace Wade Stadium', 'city': 'Durham', 'state': 'NC', 'zip': '27708', 'countryCode': 'US', 'timezone': 'America/New_York', 'latitude': 35.9953688, 'longitude': -78.9417564, 'elevation': '103.0028152', 'capacity': 40004, 'constructionYear': 1929, 'grass': True, 'dome': False}",35.9953688,-78.9417564
151,East Carolina,Pirates,ECU,"['ECU', 'East Carolina']",Conference USA,East,fbs,#4b1869,#f0907b,"['http://a.espncdn.com/i/teamlogos/ncaa/500/151.png', 'http://a.espncdn.com/i/teamlogos/ncaa/500-dark/151.png']",@ECUPiratesFB,"{'id': 3699, 'name': 'Dowdy-Ficklen Stadium', 'city': 'Greenville', 'state': 'NC', 'zip': '27858', 'countryCode': 'US', 'timezone': 'America/New_York', 'latitude': 35.5968486, 'longitude': -77.364564, 'elevation': '19.0564537', 'capacity': 50000, 'constructionYear': 1963, 'grass': True, 'dome': False}",35.5968486,-77.364564
2199,Eastern Michigan,Eagles,EMU,"['EMU', 'E Michigan']",Mid-American,West,fbs,#00331b,#f0f0f0,"['http://a.espncdn.com/i/teamlogos/ncaa/500/2199.png', 'http://a.espncdn.com/i/teamlogos/ncaa/500-dark/2199.png']",@EMUFB,"{'id': 3912, 'name': 'Rynearson Stadium', 'city': 'Ypsilanti', 'state': 'MI', 'zip': '48197', 'countryCode': 'US', 'timezone': 'America/Detroit', 'latitude': 42.256126, 'longitude': -83.647285, 'elevation': '241.248764', 'capacity': 30200, 'constructionYear': 1969, 'grass': False, 'dome': False}",42.256126,-83.647285
57,Florida,Gators,FLA,"['FLA', 'Florida']",SEC,East,fbs,#0021a5,#fa4616,"['http://a.espncdn.com/i/teamlogos/ncaa/500/57.png', 'http://a.espncdn.com/i/teamlogos/ncaa/500-dark/57.png']",@GatorsFB,"{'id': 3634, 'name': 'Ben Hill Griffin Stadium', 'city': 'Gainesville', 'state': 'FL', 'zip': '32653', 'countryCode': 'US', 'timezone': 'America/New_York', 'latitude': 29.6499357, 'longitude': -82.3485788, 'elevation': '44.97250748', 'capacity': 88548, 'constructionYear': 1930, 'grass': True, 'dome': False}",29.6499357,-82.3485788
52,Florida State,Seminoles,FSU,"['FSU', 'Florida St']",ACC,Atlantic,fbs,#782f40,#ceb888,"['http://a.espncdn.com/i/teamlogos/ncaa/500/52.png', 'http://a.espncdn.com/i/teamlogos/ncaa/500-dark/52.png']",@FSUFootball,"{'id': 3697, 'name': 'Doak Campbell Stadium', 'city': 'Tallahassee', 'state': 'FL', 'zip': '32306', 'countryCode': 'US', 'timezone': 'America/New_York', 'latitude': 30.4381692, 'longitude': -84.3044032, 'elevation': '19.55942535', 'capacity': 67277, 'constructionYear': 1950, 'grass': True, 'dome': False}",30.4381692,-84.3044032
61,Georgia,Bulldogs,UGA,"['UGA', 'Georgia']",SEC,East,fbs,#ba0c2f,#000000,"['http://a.espncdn.com/i/teamlogos/ncaa/500/61.png', 'http://a.espncdn.com/i/teamlogos/ncaa/500-dark/61.png']",@GeorgiaFootball,"{'id': 3917, 'name': 'Sanford Stadium', 'city': 'Athens', 'state': 'GA', 'zip': '30602', 'countryCode': 'US', 'timezone': 'America/New_York', 'latitude': 33.9498197, 'longitude': -83.3733813, 'elevation': '186.1120758', 'capacity': 92746, 'constructionYear': 1929, 'grass': True, 'dome': False}",33.9498197,-83.3733813
59,Georgia Tech,Yellow Jackets,GT,"['GT', 'Georgia Tech']",ACC,Coastal,fbs,#003057,#b3a369,"['http://a.espncdn.com/i/teamlogos/ncaa/500/59.png', 'http://a.espncdn.com/i/teamlogos/ncaa/500-dark/59.png']",@GeorgiaTechFB,"{'id': 721, 'name': 'Bobby Dodd Stadium', 'city': 'Atlanta', 'state': 'GA', 'zip': '30332', 'countryCode': 'US', 'timezone': 'America/New_York', 'latitude': 33.7724449, 'longitude': -84.3928054, 'elevation': '279.300415', 'capacity': 55000, 'constructionYear': 1913, 'grass': False, 'dome': False}",33.7724449,-84.3928054
2755,Grambling,Tigers,GRAM,"['Grambling State', 'GRAM', 'Grambling']",SWAC,West,fcs,#ee8601,#ffd10a,"['http://a.espncdn.com/i/teamlogos/ncaa/500/2755.png', 'http://a.espncdn.com/i/teamlogos/ncaa/500-dark/2755.png']",@GSU_Tigers,"{'id': 3902, 'name': 'Eddie Robinson Stadium', 'city': 'Grambling', 'state': 'LA', 'zip': '71245', 'countryCode': 'US', 'timezone': 'America/Chicago', 'latitude': 32.5258665, 'longitude': -92.7146412, 'elevation': '94.58428955', 'capacity': 19600, 'constructionYear': 1983, 'grass': False, 'dome': False}",32.5258665,-92.7146412
248,Houston,Cougars,HOU,"['HOU', 'Houston']",Conference USA,West,fbs,#c92a39,#ffffff,"['http://a.espncdn.com/i/teamlogos/ncaa/500/248.png', 'http://a.espncdn.com/i/teamlogos/ncaa/500-dark/248.png']",@UHCougarFB,"{'id': 4728, 'name': 'TDECU Stadium', 'city': 'Houston', 'state': 'TX', 'zip': '77004', 'countryCode': 'US', 'timezone': 'America/Chicago', 'latitude': 29.7219885, 'longitude': -95.3491623, 'elevation': '9.57440567', 'capacity': 40000, 'constructionYear': 2014, 'grass': False, 'dome': False}",29.7219885,-95.3491623
66,Iowa State,Cyclones,ISU,"['ISU', 'Iowa State']",Big 12,North,fbs,#822433,#fdca2f,"['http://a.espncdn.com/i/teamlogos/ncaa/500/66.png', 'http://a.espncdn.com/i/teamlogos/ncaa/500-dark/66.png']",@CycloneFB,"{'id': 3772, 'name': 'Jack Trice Stadium', 'city': 'Ames', 'state': 'IA', 'zip': '50011', 'countryCode': 'US', 'timezone': 'America/Chicago', 'latitude': 42.0139977, 'longitude': -93.6357716, 'elevation': '274.9135437', 'capacity': 61500, 'constructionYear': 1975, 'grass': True, 'dome': False}",42.0139977,-93.6357716
2296,Jackson State,Tigers,JKST,"['JKST', 'Jackson St']",SWAC,East,fcs,#123297,#b5b7ba,"['http://a.espncdn.com/i/teamlogos/ncaa/500/2296.png', 'http://a.espncdn.com/i/teamlogos/ncaa/500-dark/2296.png']",@GoJSUTigersFB,"{'id': 3976, 'name': 'Mississippi Veterans Memorial Stadium', 'city': 'Jackson', 'state': 'MS', 'zip': '39216', 'countryCode': 'US', 'timezone': 'America/Chicago', 'latitude': 32.3300053, 'longitude': -90.1795578, 'elevation': '108.4067383', 'capacity': 44215, 'constructionYear': 1941, 'grass': True, 'dome': False}",32.3300053,-90.1795578
256,James Madison,Dukes,JMU,"['JMU', 'James Madison']",CAA,South,fcs,#450084,#b5a068,"['http://a.espncdn.com/i/teamlogos/ncaa/500/256.png', 'http://a.espncdn.com/i/teamlogos/ncaa/500-dark/256.png']",@JMUFootball,"{'id': 3651, 'name': 'Bridgeforth Stadium', 'city': 'Harrisonburg', 'state': 'VA', 'zip': '22807', 'countryCode': 'US', 'timezone': 'America/New_York', 'latitude': 38.4352919, 'longitude': -78.8729349, 'elevation': '399.303009', 'capacity': 24877, 'constructionYear': 1975, 'grass': False, 'dome': False}",38.4352919,-78.8729349
2305,Kansas,Jayhawks,KU,"['KU', 'Kansas']",Big 12,North,fbs,#0051ba,#e8000d,"['http://a.espncdn.com/i/teamlogos/ncaa/500/2305.png', 'http://a.espncdn.com/i/teamlogos/ncaa/500-dark/2305.png']",@KU_Football,"{'id': 3833, 'name': 'Memorial Stadium', 'city': 'Lawrence', 'state': 'KS', 'zip': '66045', 'countryCode': 'US', 'timezone': 'America/Chicago', 'latitude': 38.9629418, 'longitude': -95.2463686, 'elevation': '274.855957', 'capacity': 47000, 'constructionYear': 1921, 'grass': False, 'dome': False}",38.9629418,-95.2463686
2306,Kansas State,Wildcats,KSU,"['KSU', 'Kansas St']",Big 12,North,fbs,#3c0969,#e2e3e4,"['http://a.espncdn.com/i/teamlogos/ncaa/500/2306.png', 'http://a.espncdn.com/i/teamlogos/ncaa/500-dark/2306.png']",@KStateFB,"{'id': 3636, 'name': 'Bill Snyder Family Stadium', 'city': 'Manhattan', 'state': 'KS', 'zip': '66502', 'countryCode': 'US', 'timezone': 'America/Chicago', 'latitude': 39.2020096, 'longitude': -96.5938395, 'elevation': '328.0574646', 'capacity': 50000, 'constructionYear': 1968, 'grass': False, 'dome': False}",39.2020096,-96.5938395
2309,Kent State,Golden Flashes,KENT,"['KENT', 'Kent State']",Mid-American,East,fbs,#003976,#efab00,"['http://a.espncdn.com/i/teamlogos/ncaa/500/2309.png', 'http://a.espncdn.com/i/teamlogos/ncaa/500-dark/2309.png']",@KentStFootball,"{'id': 3696, 'name': 'Dix Stadium', 'city': 'Kent', 'state': 'OH', 'zip': '44242', 'countryCode': 'US', 'timezone': 'America/New_York', 'latitude': 41.1390935, 'longitude': -81.31346, 'elevation': '321.3641663', 'capacity': 25319, 'constructionYear': 1969, 'grass': False, 'dome': False}",41.1390935,-81.31346
96,Kentucky,Wildcats,UK,"['UK', 'Kentucky']",SEC,East,fbs,#0033a0,#ffffff,"['http://a.espncdn.com/i/teamlogos/ncaa/500/96.png', 'http://a.espncdn.com/i/teamlogos/ncaa/500-dark/96.png']",@UKFootball,"{'id': 3683, 'name': 'Kroger Field', 'city': 'Lexington', 'state': 'KY', 'zip': '40506', 'countryCode': 'US', 'timezone': 'America/New_York', 'latitude': 38.0220905, 'longitude': -84.5053408, 'elevation': '307.4248962', 'capacity': 61000, 'constructionYear': 1973, 'grass': False, 'dome': False}",38.0220905,-84.5053408
309,Louisiana,Ragin' Cajuns,UL,"['UL Lafayette', 'UL', 'Louisiana']",Sun Belt,East,fbs,#ce181e,#ffffff,"['http://a.espncdn.com/i/teamlogos/ncaa/500/309.png', 'http://a.espncdn.com/i/teamlogos/ncaa/500-dark/309.png']",@RaginCajunsFB,"{'id': 3666, 'name': 'Cajun Field', 'city': 'Lafayette', 'state': 'LA', 'zip': '70506', 'countryCode': 'US', 'timezone': 'America/Chicago', 'latitude': 30.2158434, 'longitude': -92.0417371, 'elevation': '3.556508303', 'capacity': 41426, 'constructionYear': 1971, 'grass': False, 'dome': False}",30.2158434,-92.0417371
99,LSU,Tigers,LSU,"['Louisiana State', 'LSU', 'LSU']",SEC,West,fbs,#461d7c,#fdd023,"['http://a.espncdn.com/i/teamlogos/ncaa/500/99.png', 'http://a.espncdn.com/i/teamlogos/ncaa/500-dark/99.png']",@LSUFootball,"{'id': 3958, 'name': 'Tiger Stadium (LA)', 'city': 'Baton Rouge', 'state': 'LA', 'zip': '70803', 'countryCode': 'US', 'timezone': 'America/Chicago', 'latitude': 30.412035, 'longitude': -91.1838163, 'elevation': '7.640734673', 'capacity': 102321, 'constructionYear': 1924, 'grass': True, 'dome': False}",30.412035,-91.1838163
311,Maine,Black Bears,ME,"['ME', 'Maine']",CAA,North,fcs,#127dbe,#null,"['http://a.espncdn.com/i/teamlogos/ncaa/500/311.png', 'http://a.espncdn.com/i/teamlogos/ncaa/500-dark/311.png']",@BlackBearsFB,"{'id': 3607, 'name': 'Alfond Stadium', 'city': 'Orono', 'state': 'ME', 'zip': '4469 ', 'countryCode': 'US', 'timezone': 'America/New_York', 'latitude': 44.905128, 'longitude': -68.6724718, 'elevation': '35.4817543', 'capacity': 10000, 'constructionYear': 1998, 'grass': False, 'dome': False}",44.905128,-68.6724718
276,Marshall,Thundering Herd,MRSH,"['MRSH', 'Marshall']",Conference USA,East,fbs,#00ae42,#be854c,"['http://a.espncdn.com/i/teamlogos/ncaa/500/276.png', 'http://a.espncdn.com/i/teamlogos/ncaa/500-dark/276.png']",@HerdFB,"{'id': 3775, 'name': 'Joan C. Edwards Stadium', 'city': 'Huntington', 'state': 'WV', 'zip': '25755', 'countryCode': 'US', 'timezone': 'America/New_York', 'latitude': 38.4247042, 'longitude': -82.4214412, 'elevation': '163.7328186', 'capacity': 38016, 'constructionYear': 1991, 'grass': False, 'dome': False}",38.4247042,-82.4214412
120,Maryland,Terrapins,MD,"['MD', 'Maryland']",ACC,Atlantic,fbs,#D5002B,#ffcd00,"['http://a.espncdn.com/i/teamlogos/ncaa/500/120.png', 'http://a.espncdn.com/i/teamlogos/ncaa/500-dark/120.png']",@TerpsFootball,"{'id': 3665, 'name': 'SECU Stadium', 'city': 'College Park', 'state': 'MD', 'zip': '20742', 'countryCode': 'US', 'timezone': 'America/New_York', 'latitude': 38.9903332, 'longitude': -76.9473792, 'elevation': '32.68748093', 'capacity': 51802, 'constructionYear': 1950, 'grass': False, 'dome': False}",38.9903332,-76.9473792
113,Massachusetts,Minutemen,MASS,"['UMass', 'MASS', 'UMass']",CAA,North,fcs,#971B2F,#B1B3B3,"['http://a.espncdn.com/i/teamlogos/ncaa/500/113.png', 'http://a.espncdn.com/i/teamlogos/ncaa/500-dark/113.png']",@UMassFootball,"{'id': 3985, 'name': 'Warren McGuirk Alumni Stadium', 'city': 'Hadley', 'state': 'MA', 'zip': '1003 ', 'countryCode': 'US', 'timezone': 'America/New_York', 'latitude': 42.3773244, 'longitude': -72.5360595, 'elevation': '46.58664703', 'capacity': 17000, 'constructionYear': 1965, 'grass': False, 'dome': False}",42.3773244,-72.5360595
235,Memphis,Tigers,MEM,"['MEM', 'Memphis']",Conference USA,East,fbs,#004991,#8e908f,"['http://a.espncdn.com/i/teamlogos/ncaa/500/235.png', 'http://a.espncdn.com/i/teamlogos/ncaa/500-dark/235.png']",@MemphisFB,"{'id': 3805, 'name': 'Simmons Bank Liberty Stadium', 'city': 'Memphis', 'state': 'TN', 'zip': '38152', 'countryCode': 'US', 'timezone': 'America/Chicago', 'latitude': 35.1209429, 'longitude': -89.977147, 'elevation': '90.62445831', 'capacity': 58325, 'constructionYear': 1965, 'grass': False, 'dome': False}",35.1209429,-89.977147
2390,Miami,Hurricanes,MIA,"['Miami (FL)', 'MIA', 'Miami']",ACC,Coastal,fbs,#005030,#f47321,"['http://a.espncdn.com/i/teamlogos/ncaa/500/2390.png', 'http://a.espncdn.com/i/teamlogos/ncaa/500-dark/2390.png']",@CanesFootball,"{'id': 3948, 'name': 'Hard Rock Stadium', 'city': 'Miami Gardens', 'state': 'FL', 'zip': '33299', 'countryCode': 'US', 'timezone': 'America/New_York', 'latitude': 25.9579665, 'longitude': -80.2388604, 'elevation': '2.624486446', 'capacity': 64767, 'constructionYear': 1987, 'grass': False, 'dome': False}",25.9579665,-80.2388604
193,Miami (OH),RedHawks,M-OH,"['M-OH', 'Miami OH']",Mid-American,East,fbs,#a4000c,#f0f0f0,"['http://a.espncdn.com/i/teamlogos/ncaa/500/193.png', 'http://a.espncdn.com/i/teamlogos/ncaa/500-dark/193.png']",@MiamiOHFootball,"{'id': 3996, 'name': 'Yager Stadium', 'city': 'Oxford', 'state': 'OH', 'zip': '45056', 'countryCode': 'US', 'timezone': 'America/New_York', 'latitude': 39.5197009, 'longitude': -84.7330255, 'elevation': '242.2643585', 'capacity': 24286, 'constructionYear': 1983, 'grass': False, 'dome': False}",39.5197009,-84.7330255
344,Mississippi State,Bulldogs,MSST,"['MSST', 'Mississippi St']",SEC,West,fbs,#5d1725,#c1c6c8,"['http://a.espncdn.com/i/teamlogos/ncaa/500/344.png', 'http://a.espncdn.com/i/teamlogos/ncaa/500-dark/344.png']",@HailStateFB,"{'id': 3693, 'name': 'Davis Wade Stadium', 'city': 'Starkville', 'state': 'MS', 'zip': '39762', 'countryCode': 'US', 'timezone': 'America/Chicago', 'latitude': 33.4563403, 'longitude': -88.7933652, 'elevation': '110.2742081', 'capacity': 61337, 'constructionYear': 1914, 'grass': True, 'dome': False}",33.4563403,-88.7933652
2400,Mississippi Valley State,Delta Devils,MVSU,"['MVSU', 'Miss Valley St']",SWAC,East,fcs,#005328,#cf2d34,"['http://a.espncdn.com/i/teamlogos/ncaa/500/2400.png', 'http://a.espncdn.com/i/teamlogos/ncaa/500-dark/2400.png']",@MSValleyFB,"{'id': 3896, 'name': 'Rice-Totten Field', 'city': 'Itta Bena', 'state': 'MS', 'zip': '38941', 'countryCode': 'US', 'timezone': 'America/Chicago', 'latitude': 33.5118304, 'longitude': -90.3397718, 'elevation': '39.88368607', 'capacity': 10000, 'constructionYear': 1958, 'grass': True, 'dome': False}",33.5118304,-90.3397718
142,Missouri,Tigers,MIZ,"['MIZ', 'Missouri']",Big 12,North,fbs,#f1b82d,#000000,"['http://a.espncdn.com/i/teamlogos/ncaa/500/142.png', 'http://a.espncdn.com/i/teamlogos/ncaa/500-dark/142.png']",@MizzouFootball,"{'id': 3838, 'name': 'Memorial Stadium', 'city': 'Columbia', 'state': 'MO', 'zip': '65211', 'countryCode': 'US', 'timezone': 'America/Chicago', 'latitude': 38.9358491, 'longitude': -92.3332009, 'elevation': '212.6865692', 'capacity': 71168, 'constructionYear': 1927, 'grass': False, 'dome': False}",38.9358491,-92.3332009
152,NC State,Wolfpack,NCSU,"['North Carolina St.', 'NCSU', 'NC State']",ACC,Atlantic,fbs,#cc0000,#ffffff,"['http://a.espncdn.com/i/teamlogos/ncaa/500/152.png', 'http://a.espncdn.com/i/teamlogos/ncaa/500-dark/152.png']",@PackFootball,"{'id': 3670, 'name': 'Carter-Finley Stadium', 'city': 'Raleigh', 'state': 'NC', 'zip': '27695', 'countryCode': 'US', 'timezone': 'America/New_York', 'latitude': 35.8008001, 'longitude': -78.7195655, 'elevation': '117.0089951', 'capacity': 58000, 'constructionYear': 1966, 'grass': True, 'dome': False}",35.8008001,-78.7195655
158,Nebraska,Cornhuskers,NEB,"['NEB', 'Nebraska']",Big 12,North,fbs,#d00000,#ffffff,"['http://a.espncdn.com/i/teamlogos/ncaa/500/158.png', 'http://a.espncdn.com/i/teamlogos/ncaa/500-dark/158.png']",@HuskerFBNation,"{'id': 3834, 'name': 'Memorial Stadium (Lincoln, NE)', 'city': 'Lincoln', 'state': 'NE', 'zip': '68588', 'countryCode': 'US', 'timezone': 'America/Chicago', 'latitude': 40.820682, 'longitude': -96.705594, 'elevation': '354.9318848', 'capacity': 85458, 'constructionYear': 1923, 'grass': False, 'dome': False}",40.820682,-96.705594
160,New Hampshire,Wildcats,UNH,"['UNH', 'New Hampshire']",CAA,North,fcs,#004990,#c3c4c6,"['http://a.espncdn.com/i/teamlogos/ncaa/500/160.png', 'http://a.espncdn.com/i/teamlogos/ncaa/500-dark/160.png']",@UNH_Football,"{'id': 3688, 'name': 'Wildcat Stadium', 'city': 'Durham', 'state': 'NH', 'zip': '3824 ', 'countryCode': 'US', 'timezone': 'America/New_York', 'latitude': 43.1386231, 'longitude': -70.9393077, 'elevation': '19.05943298', 'capacity': 11015, 'constructionYear': 1936, 'grass': False, 'dome': False}",43.1386231,-70.9393077
153,North Carolina,Tar Heels,UNC,"['UNC', 'North Carolina']",ACC,Coastal,fbs,#7bafd4,#13294b,"['http://a.espncdn.com/i/teamlogos/ncaa/500/153.png', 'http://a.espncdn.com/i/teamlogos/ncaa/500-dark/153.png']",@UNCFootball,"{'id': 3787, 'name': 'Kenan Stadium', 'city': 'Chapel Hill', 'state': 'NC', 'zip': '27515', 'countryCode': 'US', 'timezone': 'America/New_York', 'latitude': 35.9069294, 'longitude': -79.0478889, 'elevation': '127.7569809', 'capacity': 50500, 'constructionYear': 1927, 'grass': False, 'dome': False}",35.9069294,-79.0478889
2459,Northern Illinois,Huskies,NIU,"['NIU', 'N Illinois']",Mid-American,West,fbs,#F1122C,#cc0000,"['http://a.espncdn.com/i/teamlogos/ncaa/500/2459.png', 'http://a.espncdn.com/i/teamlogos/ncaa/500-dark/2459.png']",@NIU_Football,"{'id': 3764, 'name': 'Huskie Stadium', 'city': 'DeKalb', 'state': 'IL', 'zip': '60115', 'countryCode': 'US', 'timezone': 'America/Chicago', 'latitude': 41.9339586, 'longitude': -88.7778357, 'elevation': '267.4530029', 'capacity': 23595, 'constructionYear': 1965, 'grass': False, 'dome': False}",41.9339586,-88.7778357
195,Ohio,Bobcats,OHIO,"['OHIO', 'Ohio']",Mid-American,East,fbs,#295A29,#e4bb85,"['http://a.espncdn.com/i/teamlogos/ncaa/500/195.png', 'http://a.espncdn.com/i/teamlogos/ncaa/500-dark/195.png']",@OhioFootball,"{'id': 3876, 'name': 'Peden Stadium', 'city': 'Athens', 'state': 'OH', 'zip': '45701', 'countryCode': 'US', 'timezone': 'America/New_York', 'latitude': 39.3212794, 'longitude': -82.1034315, 'elevation': '194.230896', 'capacity': 24000, 'constructionYear': 1929, 'grass': False, 'dome': False}",39.3212794,-82.1034315
201,Oklahoma,Sooners,OU,"['OU', 'Oklahoma']",Big 12,South,fbs,#a32036,#ffffff,"['http://a.espncdn.com/i/teamlogos/ncaa/500/201.png', 'http://a.espncdn.com/i/teamlogos/ncaa/500-dark/201.png']",@OU_Football,"{'id': 3835, 'name': 'Memorial Stadium (Norman, OK)', 'city': 'Norman', 'state': 'OK', 'zip': '73019', 'countryCode': 'US', 'timezone': 'America/Chicago', 'latitude': 35.2058537, 'longitude': -97.4423145, 'elevation': '355.0962524', 'capacity': 86112, 'constructionYear': 1925, 'grass': True, 'dome': False}",35.2058537,-97.4423145
197,Oklahoma State,Cowboys,OKST,"['OKST', 'Oklahoma St']",Big 12,South,fbs,#FF7300,#000000,"['http://a.espncdn.com/i/teamlogos/ncaa/500/197.png', 'http://a.espncdn.com/i/teamlogos/ncaa/500-dark/197.png']",@CowboyFB,"{'id': 3646, 'name': 'Boone Pickens Stadium', 'city': 'Stillwater', 'state': 'OK', 'zip': '74078', 'countryCode': 'US', 'timezone': 'America/Chicago', 'latitude': 36.125673, 'longitude': -97.066513, 'elevation': '276.4808655', 'capacity': 55509, 'constructionYear': 1919, 'grass': False, 'dome': False}",36.125673,-97.066513
145,Ole Miss,Rebels,MISS,"['MISS', 'Ole Miss']",SEC,West,fbs,#13294b,#c8102e,"['http://a.espncdn.com/i/teamlogos/ncaa/500/145.png', 'http://a.espncdn.com/i/teamlogos/ncaa/500-dark/145.png']",@OleMissFB,"{'id': 3974, 'name': 'Vaught-Hemingway Stadium', 'city': 'Oxford', 'state': 'MS', 'zip': '38677', 'countryCode': 'US', 'timezone': 'America/Chicago', 'latitude': 34.3619837, 'longitude': -89.5342076, 'elevation': '146.8517151', 'capacity': 64038, 'constructionYear': 1915, 'grass': True, 'dome': False}",34.3619837,-89.5342076
2504,Prairie View A&M,Panthers,PV,"['PV', 'Prairie View']",SWAC,West,fcs,#4d0960,#null,"['http://a.espncdn.com/i/teamlogos/ncaa/500/2504.png', 'http://a.espncdn.com/i/teamlogos/ncaa/500-dark/2504.png']",@PVAMU_Football,"{'id': 5238, 'name': 'Panther Stadium', 'city': 'Prairie View', 'state': 'TX', 'zip': '28202', 'countryCode': 'US', 'timezone': 'America/Chicago', 'latitude': 30.0937874, 'longitude': -95.9960913, 'elevation': '77.36286926', 'capacity': 15000, 'constructionYear': 2016, 'grass': True, 'dome': False}",30.0937874,-95.9960913
227,Rhode Island,Rams,URI,"['URI', 'Rhode Island']",CAA,North,fcs,#091f3f,#5ab3e8,"['http://a.espncdn.com/i/teamlogos/ncaa/500/227.png', 'http://a.espncdn.com/i/teamlogos/ncaa/500-dark/227.png']",@RhodyFootball,"{'id': 3824, 'name': 'Meade Stadium', 'city': 'Kingston', 'state': 'RI', 'zip': '2881 ', 'countryCode': 'US', 'timezone': 'America/New_York', 'latitude': 41.4879984, 'longitude': -71.5347458, 'elevation': '32.68801498', 'capacity': 8000, 'constructionYear': 1928, 'grass': True, 'dome': False}",41.4879984,-71.5347458
242,Rice,Owls,RICE,"['RICE', 'Rice']",Conference USA,West,fbs,#d1d5d8,#003d7d,"['http://a.espncdn.com/i/teamlogos/ncaa/500/242.png', 'http://a.espncdn.com/i/teamlogos/ncaa/500-dark/242.png']",@RiceFootball,"{'id': 3895, 'name': 'Rice Stadium', 'city': 'Houston', 'state': 'TX', 'zip': '77251', 'countryCode': 'US', 'timezone': 'America/Chicago', 'latitude': 29.7163297, 'longitude': -95.4093261, 'elevation': '7.148301601', 'capacity': 47000, 'constructionYear': 1950, 'grass': False, 'dome': False}",29.7163297,-95.4093261
257,Richmond,Spiders,RICH,"['RICH', 'Richmond']",CAA,South,fcs,#9e0712,#b90b2e,"['http://a.espncdn.com/i/teamlogos/ncaa/500/257.png', 'http://a.espncdn.com/i/teamlogos/ncaa/500-dark/257.png']",@SpiderFootball,"{'id': 2068, 'name': 'E. Claiborne Robins Stadium', 'city': 'Richmond', 'state': 'VA', 'zip': '23173', 'countryCode': 'US', 'timezone': 'America/New_York', 'latitude': 37.5807765, 'longitude': -77.5372211, 'elevation': '60.03879166', 'capacity': 8217, 'constructionYear': 2010, 'grass': False, 'dome': False}",37.5807765,-77.5372211
2567,SMU,Mustangs,SMU,"['Southern Methodist', 'SMU', 'SMU']",Conference USA,West,fbs,#354ca1,#cc0035,"['http://a.espncdn.com/i/teamlogos/ncaa/500/2567.png', 'http://a.espncdn.com/i/teamlogos/ncaa/500-dark/2567.png']",@SMUFB,"{'id': 3735, 'name': 'Gerald J. Ford Stadium', 'city': 'University Park', 'state': 'TX', 'zip': '75275', 'countryCode': 'US', 'timezone': 'America/Chicago', 'latitude': 32.8377223, 'longitude': -96.7827859, 'elevation': '169.4058075', 'capacity': 32000, 'constructionYear': 2000, 'grass': False, 'dome': False}",32.8377223,-96.7827859
2579,South Carolina,Gamecocks,SC,"['SC', 'South Carolina']",SEC,East,fbs,#73000a,#ffffff,"['http://a.espncdn.com/i/teamlogos/ncaa/500/2579.png', 'http://a.espncdn.com/i/teamlogos/ncaa/500-dark/2579.png']",@GamecockFB,"{'id': 3994, 'name': 'Williams-Brice Stadium', 'city': 'Columbia', 'state': 'SC', 'zip': '29208', 'countryCode': 'US', 'timezone': 'America/New_York', 'latitude': 33.9730239, 'longitude': -81.0191726, 'elevation': '60.54548645', 'capacity': 80250, 'constructionYear': 1934, 'grass': True, 'dome': False}",33.9730239,-81.0191726
2582,Southern,Jaguars,SOU,"['SOU', 'Southern']",SWAC,West,fcs,#004B97,#ffc82d,"['http://a.espncdn.com/i/teamlogos/ncaa/500/2582.png', 'http://a.espncdn.com/i/teamlogos/ncaa/500-dark/2582.png']",@SouthernUsports,"{'id': 3599, 'name': 'Ace W. Mumford Stadium', 'city': 'Baton Rouge', 'state': 'LA', 'zip': '70807', 'countryCode': 'US', 'timezone': 'America/Chicago', 'latitude': 30.5221461, 'longitude': -91.1896087, 'elevation': '20.24213219', 'capacity': 28500, 'constructionYear': 1928, 'grass': False, 'dome': False}",30.5221461,-91.1896087
2572,Southern Miss,Golden Eagles,USM,"['Southern Mississippi', 'USM', 'Southern Miss']",Conference USA,East,fbs,#FFAA3C,#ffc423,"['http://a.espncdn.com/i/teamlogos/ncaa/500/2572.png', 'http://a.espncdn.com/i/teamlogos/ncaa/500-dark/2572.png']",@SouthernMissFB,"{'id': 3815, 'name': 'M. M. Roberts Stadium', 'city': 'Hattiesburg', 'state': 'MS', 'zip': '39402', 'countryCode': 'US', 'timezone': 'America/Chicago', 'latitude': 31.3289321, 'longitude': -89.3318118, 'elevation': '64.52726746', 'capacity': 36000, 'constructionYear': 1932, 'grass': False, 'dome': False}",31.3289321,-89.3318118
218,Temple,Owls,TEM,"['TEM', 'Temple']",Mid-American,East,fbs,#A80532,#a7a9ac,"['http://a.espncdn.com/i/teamlogos/ncaa/500/218.png', 'http://a.espncdn.com/i/teamlogos/ncaa/500-dark/218.png']",@Temple_FB,"{'id': 3806, 'name': 'Lincoln Financial Field', 'city': 'Philadelphia', 'state': 'PA', 'zip': '19122', 'countryCode': 'US', 'timezone': 'America/New_York', 'latitude': 39.9007995, 'longitude': -75.1675414, 'elevation': '3.198706865', 'capacity': 69879, 'constructionYear': 2003, 'grass': False, 'dome': False}",39.9007995,-75.1675414
2633,Tennessee,Volunteers,TENN,"['TENN', 'Tennessee']",SEC,East,fbs,#ff8200,#58595b,"['http://a.espncdn.com/i/teamlogos/ncaa/500/2633.png', 'http://a.espncdn.com/i/teamlogos/ncaa/500-dark/2633.png']",@Vol_Football,"{'id': 3853, 'name': 'Neyland Stadium', 'city': 'Knoxville', 'state': 'TN', 'zip': '37996', 'countryCode': 'US', 'timezone': 'America/New_York', 'latitude': 35.9550131, 'longitude': -83.9250128, 'elevation': '271.9517212', 'capacity': 102455, 'constructionYear': 1921, 'grass': True, 'dome': False}",35.9550131,-83.9250128
251,Texas,Longhorns,TEX,"['TEX', 'Texas']",Big 12,South,fbs,#c15d26,#ffffff,"['http://a.espncdn.com/i/teamlogos/ncaa/500/251.png', 'http://a.espncdn.com/i/teamlogos/ncaa/500-dark/251.png']",@TexasFootball,"{'id': 3910, 'name': 'DKR-Texas Memorial Stadium', 'city': 'Austin', 'state': 'TX', 'zip': '78712', 'countryCode': 'US', 'timezone': 'America/Chicago', 'latitude': 30.2836813, 'longitude': -97.7325345, 'elevation': '160.3089447', 'capacity': 100119, 'constructionYear': 1924, 'grass': False, 'dome': False}",30.2836813,-97.7325345
245,Texas A&M,Aggies,TA&M,"['TA&M', 'Texas A&M']",Big 12,South,fbs,#500000,#ffffff,"['http://a.espncdn.com/i/teamlogos/ncaa/500/245.png', 'http://a.espncdn.com/i/teamlogos/ncaa/500-dark/245.png']",@AggieFootball,"{'id': 3795, 'name': 'Kyle Field', 'city': 'College Station', 'state': 'TX', 'zip': '77843', 'countryCode': 'US', 'timezone': 'America/Chicago', 'latitude': 30.6098891, 'longitude': -96.3403828, 'elevation': '108.824585', 'capacity': 102733, 'constructionYear': 1927, 'grass': True, 'dome': False}",30.6098891,-96.3403828
2640,Texas Southern,Tigers,TXSO,"['TXSO', 'Texas Southern']",SWAC,West,fcs,#860038,#ffffff,"['http://a.espncdn.com/i/teamlogos/ncaa/500/2640.png', 'http://a.espncdn.com/i/teamlogos/ncaa/500-dark/2640.png']",@TSUFootball,"{'id': 3631, 'name': 'BBVA Compass Stadium', 'city': 'Houston', 'state': 'TX', 'zip': '77003', 'countryCode': 'US', 'timezone': 'America/Chicago', 'latitude': 29.7521988, 'longitude': -95.3524146, 'elevation': '13.68128395', 'capacity': 22000, 'constructionYear': 2012, 'grass': True, 'dome': False}",29.7521988,-95.3524146
2641,Texas Tech,Red Raiders,TTU,"['TTU', 'Texas Tech']",Big 12,South,fbs,#CC0000,#000000,"['http://a.espncdn.com/i/teamlogos/ncaa/500/2641.png', 'http://a.espncdn.com/i/teamlogos/ncaa/500-dark/2641.png']",@TexasTechFB,"{'id': 3784, 'name': 'Jones AT&T Stadium', 'city': 'Lubbock', 'state': 'TX', 'zip': '79409', 'countryCode': 'US', 'timezone': 'America/Chicago', 'latitude': 33.5910518, 'longitude': -101.8728824, 'elevation': '980.7632446', 'capacity': 60454, 'constructionYear': 1947, 'grass': False, 'dome': False}",33.5910518,-101.8728824
2649,Toledo,Rockets,TOL,"['TOL', 'Toledo']",Mid-American,West,fbs,#0a2240,#ffcd00,"['http://a.espncdn.com/i/teamlogos/ncaa/500/2649.png', 'http://a.espncdn.com/i/teamlogos/ncaa/500-dark/2649.png']",@ToledoFB,"{'id': 3739, 'name': 'Glass Bowl', 'city': 'Toledo', 'state': 'OH', 'zip': '43606', 'countryCode': 'US', 'timezone': 'America/New_York', 'latitude': 41.6574777, 'longitude': -83.6135652, 'elevation': '181.4839783', 'capacity': 26038, 'constructionYear': 1937, 'grass': False, 'dome': False}",41.6574777,-83.6135652
119,Towson,Tigers,TOW,"['TOW', 'Towson']",CAA,South,fcs,#FFC229,#null,"['http://a.espncdn.com/i/teamlogos/ncaa/500/119.png', 'http://a.espncdn.com/i/teamlogos/ncaa/500-dark/119.png']",@Towson_FB,"{'id': 3781, 'name': 'Johnny Unitas Stadium', 'city': 'Towson', 'state': 'MD', 'zip': '21252', 'countryCode': 'US', 'timezone': 'America/New_York', 'latitude': 39.3885683, 'longitude': -76.6159716, 'elevation': '117.6974106', 'capacity': 11200, 'constructionYear': 1978, 'grass': False, 'dome': False}",39.3885683,-76.6159716
2653,Troy,Trojans,TROY,"['TROY', 'Troy']",Sun Belt,East,fbs,#AE0210,#88898c,"['http://a.espncdn.com/i/teamlogos/ncaa/500/2653.png', 'http://a.espncdn.com/i/teamlogos/ncaa/500-dark/2653.png']",@TroyTrojansFB,"{'id': 3975, 'name': 'Veterans Memorial Stadium (AL)', 'city': 'Troy', 'state': 'AL', 'zip': '36082', 'countryCode': 'US', 'timezone': 'America/Chicago', 'latitude': 31.7995565, 'longitude': -85.9518328, 'elevation': '154.7746277', 'capacity': 30000, 'constructionYear': 1950, 'grass': False, 'dome': False}",31.7995565,-85.9518328
2655,Tulane,Green Wave,TULN,"['TULN', 'Tulane']",Conference USA,West,fbs,#006547,#468ac9,"['http://a.espncdn.com/i/teamlogos/ncaa/500/2655.png', 'http://a.espncdn.com/i/teamlogos/ncaa/500-dark/2655.png']",@GreenWaveFB,"{'id': 4729, 'name': 'Yulman Stadium', 'city': 'New Orleans', 'state': 'LA', 'zip': '70118', 'countryCode': 'US', 'timezone': 'America/Chicago', 'latitude': 29.944616, 'longitude': -90.116692, 'elevation': '0.0000000000000000000000000000000000000118', 'capacity': 30000, 'constructionYear': 2014, 'grass': False, 'dome': False}",29.944616,-90.116692
202,Tulsa,Golden Hurricane,TLSA,"['TLSA', 'Tulsa']",Conference USA,West,fbs,#003595,#d0b787,"['http://a.espncdn.com/i/teamlogos/ncaa/500/202.png', 'http://a.espncdn.com/i/teamlogos/ncaa/500-dark/202.png']",@TulsaFootball,"{'id': 3674, 'name': 'Chapman Stadium', 'city': 'Tulsa', 'state': 'OK', 'zip': '74194', 'countryCode': 'US', 'timezone': 'America/Chicago', 'latitude': 36.1489175, 'longitude': -95.9437853, 'elevation': '235.5928345', 'capacity': 30000, 'constructionYear': 1930, 'grass': False, 'dome': False}",36.1489175,-95.9437853
5,UAB,Blazers,UAB,"['Alabama-Birmingham', 'UAB', 'UAB']",Conference USA,East,fbs,#003b28,#ffc845,"['http://a.espncdn.com/i/teamlogos/ncaa/500/5.png', 'http://a.espncdn.com/i/teamlogos/ncaa/500-dark/5.png']",@UAB_FB,"{'id': 7221, 'name': 'Protective Stadium', 'city': 'Birmingham', 'state': 'AL', 'zip': '35203', 'countryCode': 'US', 'timezone': None, 'latitude': 33.5206824, 'longitude': -86.8024326, 'elevation': None, 'capacity': 0, 'constructionYear': None, 'grass': False, 'dome': False}",33.5206824,-86.8024326
2116,UCF,Knights,UCF,"['Central Florida', 'UCF', 'UCF']",Conference USA,East,fbs,#ba9b37,#000000,"['http://a.espncdn.com/i/teamlogos/ncaa/500/2116.png', 'http://a.espncdn.com/i/teamlogos/ncaa/500-dark/2116.png']",@UCF_Football,"{'id': 3652, 'name': 'FBC Mortgage Stadium', 'city': 'Orlando', 'state': 'FL', 'zip': '32816', 'countryCode': 'US', 'timezone': 'America/New_York', 'latitude': 28.6079765, 'longitude': -81.1927233, 'elevation': '20.94113731', 'capacity': 44206, 'constructionYear': 2007, 'grass': True, 'dome': False}",28.6079765,-81.1927233
2433,UL Monroe,Warhawks,ULM,"['La.-Monroe', 'ULM', 'UL Monroe']",Sun Belt,East,fbs,#231F20,#b18445,"['http://a.espncdn.com/i/teamlogos/ncaa/500/2433.png', 'http://a.espncdn.com/i/teamlogos/ncaa/500-dark/2433.png']",@ULM_FB,"{'id': 3817, 'name': 'Malone Stadium', 'city': 'Monroe', 'state': 'LA', 'zip': '71209', 'countryCode': 'US', 'timezone': 'America/Chicago', 'latitude': 32.5308089, 'longitude': -92.0660602, 'elevation': '22.998209', 'capacity': 27617, 'constructionYear': 1978, 'grass': False, 'dome': False}",32.5308089,-92.0660602
2638,UTEP,Miners,UTEP,"['Texas-El Paso', 'UTEP', 'UTEP']",Conference USA,West,fbs,#ff8200,#041e42,"['http://a.espncdn.com/i/teamlogos/ncaa/500/2638.png', 'http://a.espncdn.com/i/teamlogos/ncaa/500-dark/2638.png']",@UTEPFB,"{'id': 3946, 'name': 'Sun Bowl', 'city': 'El Paso', 'state': 'TX', 'zip': '79968', 'countryCode': 'US', 'timezone': 'America/Denver', 'latitude': 31.7733353, 'longitude': -106.507957, 'elevation': '1183.697876', 'capacity': 51500, 'constructionYear': 1963, 'grass': False, 'dome': False}",31.7733353,-106.507957
238,Vanderbilt,Commodores,VAN,"['VAN', 'Vanderbilt']",SEC,East,fbs,#866d4b,#000000,"['http://a.espncdn.com/i/teamlogos/ncaa/500/238.png', 'http://a.espncdn.com/i/teamlogos/ncaa/500-dark/238.png']",@VandyFootball,"{'id': 3973, 'name': 'FirstBank Stadium', 'city': 'Nashville', 'state': 'TN', 'zip': '37212', 'countryCode': 'US', 'timezone': 'America/Chicago', 'latitude': 36.1440455, 'longitude': -86.8088942, 'elevation': '159.9194641', 'capacity': 40351, 'constructionYear': 1922, 'grass': False, 'dome': False}",36.1440455,-86.8088942
222,Villanova,Wildcats,VILL,"['VILL', 'Villanova']",CAA,South,fcs,#00205b,#13b5ea,"['http://a.espncdn.com/i/teamlogos/ncaa/500/222.png', 'http://a.espncdn.com/i/teamlogos/ncaa/500-dark/222.png']",@NovaFootball,"{'id': 717, 'name': 'Villanova Stadium', 'city': 'Villanova', 'state': 'PA', 'zip': '19085', 'countryCode': 'US', 'timezone': 'America/New_York', 'latitude': 40.0343329, 'longitude': -75.3367666, 'elevation': '127.3836746', 'capacity': 12500, 'constructionYear': 1927, 'grass': False, 'dome': False}",40.0343329,-75.3367666
258,Virginia,Cavaliers,UVA,"['UVA', 'Virginia']",ACC,Coastal,fbs,#232d4b,#f84c1e,"['http://a.espncdn.com/i/teamlogos/ncaa/500/258.png', 'http://a.espncdn.com/i/teamlogos/ncaa/500-dark/258.png']",@UVAFootball,"{'id': 3923, 'name': 'Scott Stadium', 'city': 'Charlottesville', 'state': 'VA', 'zip': '22904', 'countryCode': 'US', 'timezone': 'America/New_York', 'latitude': 38.0311801, 'longitude': -78.5137897, 'elevation': '170.4677429', 'capacity': 61500, 'constructionYear': 1931, 'grass': True, 'dome': False}",38.0311801,-78.5137897
259,Virginia Tech,Hokies,VT,"['VT', 'Virginia Tech']",ACC,Coastal,fbs,#630031,#cf4520,"['http://a.espncdn.com/i/teamlogos/ncaa/500/259.png', 'http://a.espncdn.com/i/teamlogos/ncaa/500-dark/259.png']",@VT_Football,"{'id': 3799, 'name': 'Lane Stadium', 'city': 'Blacksburg', 'state': 'VA', 'zip': '24061', 'countryCode': 'US', 'timezone': 'America/New_York', 'latitude': 37.2199873, 'longitude': -80.4180643, 'elevation': '632.2631226', 'capacity': 65632, 'constructionYear': 1965, 'grass': True, 'dome': False}",37.2199873,-80.4180643
154,Wake Forest,Demon Deacons,WAKE,"['WAKE', 'Wake Forest']",ACC,Atlantic,fbs,#9E7E38,#000000,"['http://a.espncdn.com/i/teamlogos/ncaa/500/154.png', 'http://a.espncdn.com/i/teamlogos/ncaa/500-dark/154.png']",@WakeFB,"{'id': 3630, 'name': 'Allegacy Federal Credit Union Stadium', 'city': 'Winston-Salem', 'state': 'NC', 'zip': '27105', 'countryCode': 'US', 'timezone': 'America/New_York', 'latitude': 36.1305507, 'longitude': -80.2545851, 'elevation': '283.548584', 'capacity': 31500, 'constructionYear': 1968, 'grass': False, 'dome': False}",36.1305507,-80.2545851
2711,Western Michigan,Broncos,WMU,"['WMU', 'W Michigan']",Mid-American,West,fbs,#532e1f,#8b7f79,"['http://a.espncdn.com/i/teamlogos/ncaa/500/2711.png', 'http://a.espncdn.com/i/teamlogos/ncaa/500-dark/2711.png']",@WMU_Football,"{'id': 3980, 'name': 'Waldo Stadium', 'city': 'Kalamazoo', 'state': 'MI', 'zip': '49008', 'countryCode': 'US', 'timezone': 'America/Detroit', 'latitude': 42.2860064, 'longitude': -85.6007573, 'elevation': '243.8211212', 'capacity': 30200, 'constructionYear': 1939, 'grass': False, 'dome': False}",42.2860064,-85.6007573
2729,William & Mary,Tribe,W&M,"['W&M', 'William & Mary']",CAA,South,fcs,#103217,#f6b220,"['http://a.espncdn.com/i/teamlogos/ncaa/500/2729.png', 'http://a.espncdn.com/i/teamlogos/ncaa/500-dark/2729.png']",@WMTribeFootball,"{'id': 3998, 'name': 'Zable Stadium', 'city': 'Williamsburg', 'state': 'VA', 'zip': '23186', 'countryCode': 'US', 'timezone': 'America/New_York', 'latitude': 37.2730996, 'longitude': -76.7137202, 'elevation': '26.07615852', 'capacity': 12400, 'constructionYear': 1935, 'grass': False, 'dome': False}",37.2730996,-76.7137202
12,Arizona,Wildcats,ARIZ,"['ARIZ', 'Arizona']",Pac-12,South,fbs,#0c234b,#ab0520,"['http://a.espncdn.com/i/teamlogos/ncaa/500/12.png', 'http://a.espncdn.com/i/teamlogos/ncaa/500-dark/12.png']",@ArizonaFBall,"{'id': 3619, 'name': 'Arizona Stadium', 'city': 'Tucson', 'state': 'AZ', 'zip': '85721', 'countryCode': 'US', 'timezone': 'America/Phoenix', 'latitude': 32.2288054, 'longitude': -110.9488677, 'elevation': '742.1530151', 'capacity': 50782, 'constructionYear': 1928, 'grass': False, 'dome': False}",32.2288054,-110.9488677
9,Arizona State,Sun Devils,ASU,"['ASU', 'Arizona St']",Pac-12,South,fbs,#8e0c3a,#ffc72c,"['http://a.espncdn.com/i/teamlogos/ncaa/500/9.png', 'http://a.espncdn.com/i/teamlogos/ncaa/500-dark/9.png']",@ASUFootball,"{'id': 3947, 'name': 'Mountain America Stadium', 'city': 'Tempe', 'state': 'AZ', 'zip': '85287', 'countryCode': 'US', 'timezone': 'America/Phoenix', 'latitude': 33.4264471, 'longitude': -111.9325005, 'elevation': '360.1569519', 'capacity': 65870, 'constructionYear': 1958, 'grass': True, 'dome': False}",33.4264471,-111.9325005
25,California,Golden Bears,CAL,"['CAL', 'California']",Pac-12,North,fbs,#031522,#ffc423,"['http://a.espncdn.com/i/teamlogos/ncaa/500/25.png', 'http://a.espncdn.com/i/teamlogos/ncaa/500-dark/25.png']",@CalFootball,"{'id': 3831, 'name': 'California Memorial Stadium', 'city': 'Berkeley', 'state': 'CA', 'zip': '94720', 'countryCode': 'US', 'timezone': 'America/Los_Angeles', 'latitude': 37.8710434, 'longitude': -122.2507729, 'elevation': '125.3108063', 'capacity': 62467, 'constructionYear': 1923, 'grass': False, 'dome': False}",37.8710434,-122.2507729
356,Illinois,Fighting Illini,ILL,"['ILL', 'Illinois']",Big Ten,Leaders,fbs,#ff5f05,#13294b,"['http://a.espncdn.com/i/teamlogos/ncaa/500/356.png', 'http://a.espncdn.com/i/teamlogos/ncaa/500-dark/356.png']",@IlliniFootball,"{'id': 3832, 'name': 'Memorial Stadium (Champaign, IL)', 'city': 'Champaign', 'state': 'IL', 'zip': '61820', 'countryCode': 'US', 'timezone': 'America/Chicago', 'latitude': 40.0993268, 'longitude': -88.2359569, 'elevation': '223.2471619', 'capacity': 60670, 'constructionYear': 1923, 'grass': False, 'dome': False}",40.0993268,-88.2359569
84,Indiana,Hoosiers,IU,"['IU', 'Indiana']",Big Ten,Leaders,fbs,#990000,#edebeb,"['http://a.espncdn.com/i/teamlogos/ncaa/500/84.png', 'http://a.espncdn.com/i/teamlogos/ncaa/500-dark/84.png']",@IndianaFootball,"{'id': 3830, 'name': 'Memorial Stadium (Bloomington, IN)', 'city': 'Bloomington', 'state': 'IN', 'zip': '47408', 'countryCode': 'US', 'timezone': 'America/Indiana/Indianapolis', 'latitude': 39.1808959, 'longitude': -86.5256217, 'elevation': '231.6500854', 'capacity': 52656, 'constructionYear': 1960, 'grass': False, 'dome': False}",39.1808959,-86.5256217
2294,Iowa,Hawkeyes,IOWA,"['IOWA', 'Iowa']",Big Ten,Legends,fbs,#000000,#FFCD00,"['http://a.espncdn.com/i/teamlogos/ncaa/500/2294.png', 'http://a.espncdn.com/i/teamlogos/ncaa/500-dark/2294.png']",@HawkeyeFootball,"{'id': 3793, 'name': 'Kinnick Stadium', 'city': 'Iowa City', 'state': 'IA', 'zip': '52242', 'countryCode': 'US', 'timezone': 'America/Chicago', 'latitude': 41.6586045, 'longitude': -91.5510829, 'elevation': '220.6357727', 'capacity': 69250, 'constructionYear': 1929, 'grass': False, 'dome': False}",41.6586045,-91.5510829
130,Michigan,Wolverines,MICH,"['MICH', 'Michigan']",Big Ten,Legends,fbs,#00274c,#ffcb05,"['http://a.espncdn.com/i/teamlogos/ncaa/500/130.png', 'http://a.espncdn.com/i/teamlogos/ncaa/500-dark/130.png']",@UMichFootball,"{'id': 3558, 'name': 'Michigan Stadium', 'city': 'Ann Arbor', 'state': 'MI', 'zip': '48109', 'countryCode': 'US', 'timezone': 'America/Detroit', 'latitude': 42.2658365, 'longitude': -83.7486956, 'elevation': '255.5500031', 'capacity': 107601, 'constructionYear': 1927, 'grass': False, 'dome': False}",42.2658365,-83.7486956
127,Michigan State,Spartans,MSU,"['MSU', 'Michigan St']",Big Ten,Legends,fbs,#18453b,#ffffff,"['http://a.espncdn.com/i/teamlogos/ncaa/500/127.png', 'http://a.espncdn.com/i/teamlogos/ncaa/500-dark/127.png']",@MSU_Football,"{'id': 3936, 'name': 'Spartan Stadium', 'city': 'East Lansing', 'state': 'MI', 'zip': '48824', 'countryCode': 'US', 'timezone': 'America/Detroit', 'latitude': 42.7281474, 'longitude': -84.4848526, 'elevation': '254.8794861', 'capacity': 75005, 'constructionYear': 1923, 'grass': True, 'dome': False}",42.7281474,-84.4848526
135,Minnesota,Golden Gophers,MINN,"['MINN', 'Minnesota']",Big Ten,Legends,fbs,#5e0a2f,#fab41c,"['http://a.espncdn.com/i/teamlogos/ncaa/500/135.png', 'http://a.espncdn.com/i/teamlogos/ncaa/500-dark/135.png']",@GopherFootball,"{'id': 3953, 'name': 'Huntington Bank Stadium', 'city': 'Minneapolis', 'state': 'MN', 'zip': '55488', 'countryCode': 'US', 'timezone': 'America/Chicago', 'latitude': 44.976525, 'longitude': -93.2245462, 'elevation': '254.3902283', 'capacity': 50850, 'constructionYear': 2009, 'grass': False, 'dome': False}",44.976525,-93.2245462
77,Northwestern,Wildcats,NU,"['NU', 'Northwestern']",Big Ten,Legends,fbs,#582c83,#ffffff,"['http://a.espncdn.com/i/teamlogos/ncaa/500/77.png', 'http://a.espncdn.com/i/teamlogos/ncaa/500-dark/77.png']",@NUFBFamily,"{'id': 5960, 'name': 'Lanny and Sharon Martin Stadium', 'city': 'Evanston', 'state': 'IL', 'zip': None, 'countryCode': 'US', 'timezone': None, 'latitude': None, 'longitude': None, 'elevation': None, 'capacity': None, 'constructionYear': None, 'grass': None, 'dome': False}",,
194,Ohio State,Buckeyes,OSU,"['OSU', 'Ohio State']",Big Ten,Leaders,fbs,#ce1141,#505056,"['http://a.espncdn.com/i/teamlogos/ncaa/500/194.png', 'http://a.espncdn.com/i/teamlogos/ncaa/500-dark/194.png']",@OhioStateFB,"{'id': 3861, 'name': 'Ohio Stadium', 'city': 'Columbus', 'state': 'OH', 'zip': '43210', 'countryCode': 'US', 'timezone': 'America/New_York', 'latitude': 40.0016447, 'longitude': -83.0197266, 'elevation': '216.6770325', 'capacity': 102780, 'constructionYear': 1922, 'grass': False, 'dome': False}",40.0016447,-83.0197266
2483,Oregon,Ducks,ORE,"['ORE', 'Oregon']",Pac-12,North,fbs,#007030,#fee11a,"['http://a.espncdn.com/i/teamlogos/ncaa/500/2483.png', 'http://a.espncdn.com/i/teamlogos/ncaa/500-dark/2483.png']",@OregonFootball,"{'id': 3626, 'name': 'Autzen Stadium', 'city': 'Eugene', 'state': 'OR', 'zip': '97401', 'countryCode': 'US', 'timezone': 'America/Los_Angeles', 'latitude': 44.0582712, 'longitude': -123.0684883, 'elevation': '127.4198303', 'capacity': 54000, 'constructionYear': 1967, 'grass': False, 'dome': False}",44.0582712,-123.0684883
204,Oregon State,Beavers,ORST,"['ORST', 'Oregon St']",Pac-12,North,fbs,#231f20,#d73f09,"['http://a.espncdn.com/i/teamlogos/ncaa/500/204.png', 'http://a.espncdn.com/i/teamlogos/ncaa/500-dark/204.png']",@BeaverFootball,"{'id': 3893, 'name': 'Reser Stadium', 'city': 'Corvallis', 'state': 'OR', 'zip': '97331', 'countryCode': 'US', 'timezone': 'America/Los_Angeles', 'latitude': 44.5594559, 'longitude': -123.2814341, 'elevation': '66.90744781', 'capacity': 43363, 'constructionYear': 1953, 'grass': False, 'dome': False}",44.5594559,-123.2814341
213,Penn State,Nittany Lions,PSU,"['PSU', 'Penn State']",Big Ten,Leaders,fbs,#041E42,#FFFFFF,"['http://a.espncdn.com/i/teamlogos/ncaa/500/213.png', 'http://a.espncdn.com/i/teamlogos/ncaa/500-dark/213.png']",@PennStateFball,"{'id': 3632, 'name': 'Beaver Stadium', 'city': 'University Park', 'state': 'PA', 'zip': '16802', 'countryCode': 'US', 'timezone': 'America/New_York', 'latitude': 40.8121958, 'longitude': -77.8561023, 'elevation': '354.1551514', 'capacity': 106572, 'constructionYear': 1960, 'grass': True, 'dome': False}",40.8121958,-77.8561023
2509,Purdue,Boilermakers,PUR,"['PUR', 'Purdue']",Big Ten,Leaders,fbs,#000000,#ceb888,"['http://a.espncdn.com/i/teamlogos/ncaa/500/2509.png', 'http://a.espncdn.com/i/teamlogos/ncaa/500-dark/2509.png']",@BoilerFootball,"{'id': 3907, 'name': 'Ross-Ade Stadium', 'city': 'West Lafayette', 'state': 'IN', 'zip': '47907', 'countryCode': 'US', 'timezone': 'America/Indiana/Indianapolis', 'latitude': 40.4352253, 'longitude': -86.9186843, 'elevation': '197.5337677', 'capacity': 57282, 'constructionYear': 1924, 'grass': True, 'dome': False}",40.4352253,-86.9186843
24,Stanford,Cardinal,STAN,"['STAN', 'Stanford']",Pac-12,North,fbs,#8c1515,#ffffff,"['http://a.espncdn.com/i/teamlogos/ncaa/500/24.png', 'http://a.espncdn.com/i/teamlogos/ncaa/500-dark/24.png']",@StanfordFball,"{'id': 3940, 'name': 'Stanford Stadium', 'city': 'Stanford', 'state': 'CA', 'zip': '94305', 'countryCode': 'US', 'timezone': 'America/Los_Angeles', 'latitude': 37.4345556, 'longitude': -122.1611271, 'elevation': '18.38425636', 'capacity': 50424, 'constructionYear': 2006, 'grass': True, 'dome': False}",37.4345556,-122.1611271
26,UCLA,Bruins,UCLA,"['UCLA', 'UCLA']",Pac-12,South,fbs,#2774ae,#f2a900,"['http://a.espncdn.com/i/teamlogos/ncaa/500/26.png', 'http://a.espncdn.com/i/teamlogos/ncaa/500-dark/26.png']",@UCLAFootball,"{'id': 1056, 'name': 'Rose Bowl', 'city': 'Pasadena', 'state': 'CA', 'zip': '90095', 'countryCode': 'US', 'timezone': 'America/Los_Angeles', 'latitude': 34.1613284, 'longitude': -118.1676462, 'elevation': '245.1772461', 'capacity': 88565, 'constructionYear': 1922, 'grass': True, 'dome': False}",34.1613284,-118.1676462
30,USC,Trojans,USC,"['USC', 'USC']",Pac-12,South,fbs,#9e2237,#ffcc00,"['http://a.espncdn.com/i/teamlogos/ncaa/500/30.png', 'http://a.espncdn.com/i/teamlogos/ncaa/500-dark/30.png']",@uscfb,"{'id': 477, 'name': 'Los Angeles Memorial Coliseum', 'city': 'Los Angeles', 'state': 'CA', 'zip': '90089', 'countryCode': 'US', 'timezone': 'America/Los_Angeles', 'latitude': 34.014167, 'longitude': -118.287778, 'elevation': '42.50374222', 'capacity': 77500, 'constructionYear': 1923, 'grass': True, 'dome': False}",34.014167,-118.287778
254,Utah,Utes,UTAH,"['UTAH', 'Utah']",Pac-12,South,fbs,#ea002a,#ffffff,"['http://a.espncdn.com/i/teamlogos/ncaa/500/254.png', 'http://a.espncdn.com/i/teamlogos/ncaa/500-dark/254.png']",@Utah_Football,"{'id': 587, 'name': 'Rice-Eccles Stadium', 'city': 'Salt Lake City', 'state': 'UT', 'zip': '84112', 'countryCode': 'US', 'timezone': 'America/Denver', 'latitude': 40.7599724, 'longitude': -111.8488255, 'elevation': '1411.543579', 'capacity': 51444, 'constructionYear': 1998, 'grass': False, 'dome': False}",40.7599724,-111.8488255
264,Washington,Huskies,WASH,"['WASH', 'Washington']",Pac-12,North,fbs,#33006f,#e8d3a2,"['http://a.espncdn.com/i/teamlogos/ncaa/500/264.png', 'http://a.espncdn.com/i/teamlogos/ncaa/500-dark/264.png']",@UW_Football,"{'id': 3765, 'name': 'Husky Stadium', 'city': 'Seattle', 'state': 'WA', 'zip': '98195', 'countryCode': 'US', 'timezone': 'America/Los_Angeles', 'latitude': 47.6503235, 'longitude': -122.3015746, 'elevation': '11.65622807', 'capacity': 70138, 'constructionYear': 1920, 'grass': False, 'dome': False}",47.6503235,-122.3015746
265,Washington State,Cougars,WSU,"['WSU', 'Washington St']",Pac-12,North,fbs,#981e32,#ffffff,"['http://a.espncdn.com/i/teamlogos/ncaa/500/265.png', 'http://a.espncdn.com/i/teamlogos/ncaa/500-dark/265.png']",@WSUCougarFB,"{'id': 3820, 'name': 'Gesa Field', 'city': 'Pullman', 'state': 'WA', 'zip': '99164', 'countryCode': 'US', 'timezone': 'America/Los_Angeles', 'latitude': 46.731831, 'longitude': -117.1604991, 'elevation': '773.9526367', 'capacity': 32952, 'constructionYear': 1972, 'grass': False, 'dome': False}",46.731831,-117.1604991
275,Wisconsin,Badgers,WIS,"['WIS', 'Wisconsin']",Big Ten,Leaders,fbs,#c4012f,#ffffff,"['http://a.espncdn.com/i/teamlogos/ncaa/500/275.png', 'http://a.espncdn.com/i/teamlogos/ncaa/500-dark/275.png']",@BadgerFootball,"{'id': 347, 'name': 'Camp Randall Stadium', 'city': 'Madison', 'state': 'WI', 'zip': '53711', 'countryCode': 'US', 'timezone': 'America/Chicago', 'latitude': 43.06994, 'longitude': -89.4126943, 'elevation': '263.604126', 'capacity': 80321, 'constructionYear': 1917, 'grass': False, 'dome': False}",43.06994,-89.4126943
6,South Alabama,Jaguars,USA,"['USA', 'South Alabama']",Sun Belt,East,fbs,#00205B,#BF0D3E,"['http://a.espncdn.com/i/teamlogos/ncaa/500/6.png', 'http://a.espncdn.com/i/teamlogos/ncaa/500-dark/6.png']",@SouthAlabamaFB,"{'id': 6526, 'name': 'Hancock Whitney Stadium', 'city': 'Mobile', 'state': 'AL', 'zip': '85329', 'countryCode': 'US', 'timezone': None, 'latitude': 30.6943566, 'longitude': -88.0430541, 'elevation': None, 'capacity': 25450, 'constructionYear': None, 'grass': False, 'dome': False}",30.6943566,-88.0430541
2005,Air Force,Falcons,AF,"['AF', 'Air Force']",Mountain West,Mountain,fbs,#004a7b,#ffffff,"['http://a.espncdn.com/i/teamlogos/ncaa/500/2005.png', 'http://a.espncdn.com/i/teamlogos/ncaa/500-dark/2005.png']",@AF_Football,"{'id': 3713, 'name': 'Falcon Stadium', 'city': 'Colorado Springs', 'state': 'CO', 'zip': '80840', 'countryCode': 'US', 'timezone': 'America/Denver', 'latitude': 38.9969701, 'longitude': -104.8436165, 'elevation': '2024.875732', 'capacity': 46692, 'constructionYear': 1962, 'grass': False, 'dome': False}",38.9969701,-104.8436165
68,Boise State,Broncos,BOIS,"['BOIS', 'Boise St']",Mountain West,Mountain,fbs,#0033a0,#fa4616,"['http://a.espncdn.com/i/teamlogos/ncaa/500/68.png', 'http://a.espncdn.com/i/teamlogos/ncaa/500-dark/68.png']",@BroncoSportsFB,"{'id': 3653, 'name': 'Albertsons Stadium', 'city': 'Boise', 'state': 'ID', 'zip': '83725', 'countryCode': 'US', 'timezone': 'America/Boise', 'latitude': 43.6028839, 'longitude': -116.1958882, 'elevation': '823.2221069', 'capacity': 36387, 'constructionYear': 1970, 'grass': False, 'dome': False}",43.6028839,-116.1958882
36,Colorado State,Rams,CSU,"['CSU', 'Colorado St']",Mountain West,Mountain,fbs,#1e4d2b,#c8c372,"['http://a.espncdn.com/i/teamlogos/ncaa/500/36.png', 'http://a.espncdn.com/i/teamlogos/ncaa/500-dark/36.png']",@CSUFootball,"{'id': 5388, 'name': 'Canvas Stadium', 'city': 'Fort Collins', 'state': 'CO', 'zip': '80521', 'countryCode': 'US', 'timezone': 'America/Denver', 'latitude': 40.570015, 'longitude': -105.088435, 'elevation': '1528.4', 'capacity': 36500, 'constructionYear': 2017, 'grass': False, 'dome': False}",40.570015,-105.088435
2226,Florida Atlantic,Owls,FAU,"['FAU', 'FAU']",Conference USA,East,fbs,#00447c,#d31245,"['http://a.espncdn.com/i/teamlogos/ncaa/500/2226.png', 'http://a.espncdn.com/i/teamlogos/ncaa/500-dark/2226.png']",@FAUFootball,"{'id': 3715, 'name': 'FAU Stadium', 'city': 'Boca Raton', 'state': 'FL', 'zip': '33499', 'countryCode': 'US', 'timezone': 'America/New_York', 'latitude': 26.3763763, 'longitude': -80.1015759, 'elevation': '3.613628864', 'capacity': 29419, 'constructionYear': 2011, 'grass': False, 'dome': False}",26.3763763,-80.1015759
2229,Florida International,Panthers,FIU,"['Florida Intl', 'FIU', 'FIU']",Conference USA,East,fbs,#001538,#c5960c,"['http://a.espncdn.com/i/teamlogos/ncaa/500/2229.png', 'http://a.espncdn.com/i/teamlogos/ncaa/500-dark/2229.png']",@FIUFootball,"{'id': 2031, 'name': 'Pitbull Stadium', 'city': 'Miami', 'state': 'FL', 'zip': None, 'countryCode': 'US', 'timezone': None, 'latitude': None, 'longitude': None, 'elevation': None, 'capacity': None, 'constructionYear': None, 'grass': None, 'dome': False}",,
278,Fresno State,Bulldogs,FRES,"['FRES', 'Fresno St']",Mountain West,West,fbs,#db0032,#002e6d,"['http://a.espncdn.com/i/teamlogos/ncaa/500/278.png', 'http://a.espncdn.com/i/teamlogos/ncaa/500-dark/278.png']",@FresnoStateFB,"{'id': 3660, 'name': ""Valley Children's Stadium"", 'city': 'Fresno', 'state': 'CA', 'zip': '93740', 'countryCode': 'US', 'timezone': 'America/Los_Angeles', 'latitude': 36.8143527, 'longitude': -119.7580092, 'elevation': '102.564064', 'capacity': 41031, 'constructionYear': 1980, 'grass': False, 'dome': False}",36.8143527,-119.7580092
2247,Georgia State,Panthers,GAST,"['GAST', 'Georgia St']",Sun Belt,West,fbs,#1e539a,#ebebeb,"['http://a.espncdn.com/i/teamlogos/ncaa/500/2247.png', 'http://a.espncdn.com/i/teamlogos/ncaa/500-dark/2247.png']",@GeorgiaStateFB,"{'id': 4246, 'name': 'Center Parc Stadium', 'city': 'Atlanta', 'state': 'GA', 'zip': '30315', 'countryCode': 'US', 'timezone': 'America/New_York', 'latitude': 33.735267, 'longitude': -84.389949, 'elevation': '287', 'capacity': 25000, 'constructionYear': 2017, 'grass': False, 'dome': False}",33.735267,-84.389949
62,Hawai'i,Rainbow Warriors,HAW,"['HAW', 'Hawai’i']",Mountain West,West,fbs,#003420,#ffffff,"['http://a.espncdn.com/i/teamlogos/ncaa/500/62.png', 'http://a.espncdn.com/i/teamlogos/ncaa/500-dark/62.png']",@HawaiiFootball,"{'id': 7220, 'name': 'Clarence T.C. Ching Athletics Complex', 'city': 'Honolulu', 'state': 'HI', 'zip': '96822', 'countryCode': None, 'timezone': None, 'latitude': 21.294294, 'longitude': -157.819338, 'elevation': '20', 'capacity': 9000, 'constructionYear': None, 'grass': True, 'dome': False}",21.294294,-157.819338
2348,Louisiana Tech,Bulldogs,LT,"['LT', 'Louisiana Tech']",Conference USA,West,fbs,#002d65,#d3313a,"['http://a.espncdn.com/i/teamlogos/ncaa/500/2348.png', 'http://a.espncdn.com/i/teamlogos/ncaa/500-dark/2348.png']",@LATechFB,"{'id': 3776, 'name': 'Joe Aillet Stadium', 'city': 'Ruston', 'state': 'LA', 'zip': '71272', 'countryCode': 'US', 'timezone': 'America/Chicago', 'latitude': 32.5321487, 'longitude': -92.6560019, 'elevation': '72.87982941', 'capacity': 28019, 'constructionYear': 1968, 'grass': False, 'dome': False}",32.5321487,-92.6560019
2393,Middle Tennessee,Blue Raiders,MTSU,"['Middle Tennessee State', 'MTSU', 'MTSU']",Conference USA,East,fbs,#006db6,#ffffff,"['http://a.espncdn.com/i/teamlogos/ncaa/500/2393.png', 'http://a.espncdn.com/i/teamlogos/ncaa/500-dark/2393.png']",@MT_FB,"{'id': 3725, 'name': 'Johnny ""Red"" Floyd Stadium', 'city': 'Murfreesboro', 'state': 'TN', 'zip': '37132', 'countryCode': 'US', 'timezone': 'America/Chicago', 'latitude': 35.8511463, 'longitude': -86.3681649, 'elevation': '191.7279816', 'capacity': 30788, 'constructionYear': 1933, 'grass': False, 'dome': False}",35.8511463,-86.3681649
2440,Nevada,Wolf Pack,NEV,"['NEV', 'Nevada']",Mountain West,West,fbs,#002d62,#ffffff,"['http://a.espncdn.com/i/teamlogos/ncaa/500/2440.png', 'http://a.espncdn.com/i/teamlogos/ncaa/500-dark/2440.png']",@NevadaFootball,"{'id': 3816, 'name': 'Mackay Stadium', 'city': 'Reno', 'state': 'NV', 'zip': '89557', 'countryCode': 'US', 'timezone': 'America/Los_Angeles', 'latitude': 39.5469459, 'longitude': -119.8175435, 'elevation': '1406.57605', 'capacity': 27000, 'constructionYear': 1966, 'grass': False, 'dome': False}",39.5469459,-119.8175435
167,New Mexico,Lobos,UNM,"['UNM', 'New Mexico']",Mountain West,Mountain,fbs,#BA0C2F,#a7a8aa,"['http://a.espncdn.com/i/teamlogos/ncaa/500/167.png', 'http://a.espncdn.com/i/teamlogos/ncaa/500-dark/167.png']",@UNMLoboFB,"{'id': 3971, 'name': 'University Stadium (NM)', 'city': 'Albuquerque', 'state': 'NM', 'zip': '87131', 'countryCode': 'US', 'timezone': 'America/Denver', 'latitude': 35.0669479, 'longitude': -106.6283225, 'elevation': '1554.471924', 'capacity': 39224, 'constructionYear': 1960, 'grass': False, 'dome': False}",35.0669479,-106.6283225
249,North Texas,Mean Green,UNT,"['UNT', 'North Texas']",Conference USA,West,fbs,#00853E,#000000,"['http://a.espncdn.com/i/teamlogos/ncaa/500/249.png', 'http://a.espncdn.com/i/teamlogos/ncaa/500-dark/249.png']",@MeanGreenFB,"{'id': 3825, 'name': 'DATCU Stadium', 'city': 'Denton', 'state': 'TX', 'zip': '76210', 'countryCode': 'US', 'timezone': 'America/Chicago', 'latitude': 33.203899, 'longitude': -97.159245, 'elevation': '198.6871948', 'capacity': 30850, 'constructionYear': 2011, 'grass': False, 'dome': False}",33.203899,-97.159245
221,Pittsburgh,Panthers,PITT,"['Pitt', 'PITT', 'Pitt']",ACC,Coastal,fbs,#003263,#231f20,"['http://a.espncdn.com/i/teamlogos/ncaa/500/221.png', 'http://a.espncdn.com/i/teamlogos/ncaa/500-dark/221.png']",@Pitt_FB,"{'id': 3752, 'name': 'Acrisure Stadium', 'city': 'Pittsburgh', 'state': 'PA', 'zip': '15260', 'countryCode': 'US', 'timezone': 'America/New_York', 'latitude': 40.4467648, 'longitude': -80.0157603, 'elevation': '220.5887146', 'capacity': 68400, 'constructionYear': 2001, 'grass': True, 'dome': False}",40.4467648,-80.0157603
21,San Diego State,Aztecs,SDSU,"['SDSU', 'San Diego St']",Mountain West,West,fbs,#c41230,#000000,"['http://a.espncdn.com/i/teamlogos/ncaa/500/21.png', 'http://a.espncdn.com/i/teamlogos/ncaa/500-dark/21.png']",@AztecFB,"{'id': 7311, 'name': 'Snapdragon Stadium', 'city': 'San Diego', 'state': 'CA', 'zip': '92093', 'countryCode': 'US', 'timezone': 'America/Los_Angeles', 'latitude': 32.784444, 'longitude': -117.122833, 'elevation': '62', 'capacity': 35000, 'constructionYear': 2022, 'grass': True, 'dome': False}",32.784444,-117.122833
23,San José State,Spartans,SJSU,"['San Jose St.', 'SJSU', 'San José St']",Mountain West,West,fbs,#005893,#fdba31,"['http://a.espncdn.com/i/teamlogos/ncaa/500/23.png', 'http://a.espncdn.com/i/teamlogos/ncaa/500-dark/23.png']",@SanJoseStateFB,"{'id': 3935, 'name': 'CEFCU Stadium', 'city': 'San Jose', 'state': 'CA', 'zip': '95112', 'countryCode': 'US', 'timezone': 'America/Los_Angeles', 'latitude': 37.3196675, 'longitude': -121.8682962, 'elevation': '28.30708694', 'capacity': 30456, 'constructionYear': 1933, 'grass': False, 'dome': False}",37.3196675,-121.8682962
183,Syracuse,Orange,SYR,"['SYR', 'Syracuse']",ACC,Atlantic,fbs,#ff6500,#000e54,"['http://a.espncdn.com/i/teamlogos/ncaa/500/183.png', 'http://a.espncdn.com/i/teamlogos/ncaa/500-dark/183.png']",@CuseFootball,"{'id': 1964, 'name': 'JMA Wireless Dome', 'city': 'Syracuse', 'state': 'NY', 'zip': '13244', 'countryCode': 'US', 'timezone': 'America/New_York', 'latitude': 43.0362269, 'longitude': -76.1363161, 'elevation': '162.6989746', 'capacity': 49057, 'constructionYear': 1980, 'grass': False, 'dome': True}",43.0362269,-76.1363161
326,Texas State,Bobcats,TXST,"['TXST', 'Texas St']",Sun Belt,East,fbs,#4e1719,#b4975a,"['http://a.espncdn.com/i/teamlogos/ncaa/500/326.png', 'http://a.espncdn.com/i/teamlogos/ncaa/500-dark/326.png']",@TXStateFootball,"{'id': 3644, 'name': 'Bobcat Stadium (TX)', 'city': 'San Marcos', 'state': 'TX', 'zip': '78666', 'countryCode': 'US', 'timezone': 'America/Chicago', 'latitude': 29.8910008, 'longitude': -97.9255735, 'elevation': '177.8676453', 'capacity': 30000, 'constructionYear': 1981, 'grass': False, 'dome': False}",29.8910008,-97.9255735
2439,UNLV,Rebels,UNLV,"['Nevada-Las Vegas', 'UNLV', 'UNLV']",Mountain West,West,fbs,#b10202,#ffffff,"['http://a.espncdn.com/i/teamlogos/ncaa/500/2439.png', 'http://a.espncdn.com/i/teamlogos/ncaa/500-dark/2439.png']",@UNLVFootball,"{'id': 6501, 'name': 'Allegiant Stadium', 'city': 'Las Vegas', 'state': 'NV', 'zip': '89154', 'countryCode': 'US', 'timezone': None, 'latitude': 36.1672559, 'longitude': -115.1485163, 'elevation': None, 'capacity': 65000, 'constructionYear': None, 'grass': False, 'dome': True}",36.1672559,-115.1485163
328,Utah State,Aggies,USU,"['USU', 'Utah State']",Mountain West,Mountain,fbs,#00263a,#949ca1,"['http://a.espncdn.com/i/teamlogos/ncaa/500/328.png', 'http://a.espncdn.com/i/teamlogos/ncaa/500-dark/328.png']",@USUFootball,"{'id': 3905, 'name': 'Maverik Stadium', 'city': 'Logan', 'state': 'UT', 'zip': '84322', 'countryCode': 'US', 'timezone': 'America/Denver', 'latitude': 41.7517394, 'longitude': -111.8116007, 'elevation': '1427.914429', 'capacity': 25513, 'constructionYear': 1968, 'grass': False, 'dome': False}",41.7517394,-111.8116007
2751,Wyoming,Cowboys,WYO,"['WYO', 'Wyoming']",Mountain West,Mountain,fbs,#492f24,#ffc425,"['http://a.espncdn.com/i/teamlogos/ncaa/500/2751.png', 'http://a.espncdn.com/i/teamlogos/ncaa/500-dark/2751.png']",@Wyo_Football,"{'id': 3984, 'name': 'War Memorial Stadium', 'city': 'Laramie', 'state': 'WY', 'zip': '82071', 'countryCode': 'US', 'timezone': 'America/Denver', 'latitude': 41.31161, 'longitude': -105.5681384, 'elevation': '2200.153564', 'capacity': 29181, 'constructionYear': 1950, 'grass': False, 'dome': False}",41.31161,-105.5681384
2026,App State,Mountaineers,APP,"['Appalachian State', 'APP', 'App State']",Sun Belt,West,fbs,#ffcc00,#222222,"['http://a.espncdn.com/i/teamlogos/ncaa/500/2026.png', 'http://a.espncdn.com/i/teamlogos/ncaa/500-dark/2026.png']",@AppState_FB,"{'id': 3792, 'name': 'Kidd Brewer Stadium', 'city': 'Boone', 'state': 'NC', 'zip': '28608', 'countryCode': 'US', 'timezone': 'America/New_York', 'latitude': 36.2114267, 'longitude': -81.6854278, 'elevation': '991.3414307', 'capacity': 30000, 'constructionYear': 1962, 'grass': False, 'dome': False}",36.2114267,-81.6854278
290,Georgia Southern,Eagles,GASO,"['GASO', 'GA Southern']",Sun Belt,West,fbs,#003775,#f0f0f0,"['http://a.espncdn.com/i/teamlogos/ncaa/500/290.png', 'http://a.espncdn.com/i/teamlogos/ncaa/500-dark/290.png']",@GSAthletics_FB,"{'id': 3608, 'name': 'Allen E. Paulson Stadium', 'city': 'Statesboro', 'state': 'GA', 'zip': '30460', 'countryCode': 'US', 'timezone': 'America/New_York', 'latitude': 32.4122471, 'longitude': -81.7849296, 'elevation': '61.25376892', 'capacity': 25000, 'constructionYear': 1984, 'grass': False, 'dome': False}",32.4122471,-81.7849296
97,Louisville,Cardinals,LOU,"['LOU', 'Louisville']",ACC,Atlantic,fbs,#c9001f,#000000,"['http://a.espncdn.com/i/teamlogos/ncaa/500/97.png', 'http://a.espncdn.com/i/teamlogos/ncaa/500-dark/97.png']",@LouisvilleFB,"{'id': 3873, 'name': 'L&N Federal Credit Union Stadium', 'city': 'Louisville', 'state': 'KY', 'zip': '40292', 'countryCode': 'US', 'timezone': 'America/Kentucky/Louisville', 'latitude': 38.2057621, 'longitude': -85.7588141, 'elevation': '138.5615997', 'capacity': 60000, 'constructionYear': 1998, 'grass': False, 'dome': False}",38.2057621,-85.7588141
295,Old Dominion,Monarchs,ODU,"['ODU', 'Old Dominion']",Conference USA,East,fbs,#00507d,#a1d2f1,"['http://a.espncdn.com/i/teamlogos/ncaa/500/295.png', 'http://a.espncdn.com/i/teamlogos/ncaa/500-dark/295.png']",@ODUFootball,"{'id': 3918, 'name': 'S.B. Ballard Stadium', 'city': 'Norfolk', 'state': 'VA', 'zip': '23551', 'countryCode': 'US', 'timezone': 'America/New_York', 'latitude': 36.8889533, 'longitude': -76.3049175, 'elevation': '3.147987843', 'capacity': 20118, 'constructionYear': 1936, 'grass': False, 'dome': False}",36.8889533,-76.3049175
164,Rutgers,Scarlet Knights,RUTG,"['RUTG', 'Rutgers']",Big Ten,East,fbs,#d21034,#ffffff,"['http://a.espncdn.com/i/teamlogos/ncaa/500/164.png', 'http://a.espncdn.com/i/teamlogos/ncaa/500-dark/164.png']",@Rfootball,"{'id': 6577, 'name': 'SHI Stadium', 'city': 'Piscataway', 'state': 'NJ', 'zip': '08854', 'countryCode': 'US', 'timezone': None, 'latitude': 40.5462553, 'longitude': -74.4660408, 'elevation': None, 'capacity': 52454, 'constructionYear': None, 'grass': False, 'dome': False}",40.5462553,-74.4660408
98,Western Kentucky,Hilltoppers,WKU,"['WKU', 'Western KY']",Conference USA,East,fbs,#F32026,#b3b5b8,"['http://a.espncdn.com/i/teamlogos/ncaa/500/98.png', 'http://a.espncdn.com/i/teamlogos/ncaa/500-dark/98.png']",@WKUFootball,"{'id': 3796, 'name': 'Houchens Industries-L.T. Smith Stadium', 'city': 'Bowling Green', 'state': 'KY', 'zip': '42101', 'countryCode': 'US', 'timezone': 'America/Chicago', 'latitude': 36.9847901, 'longitude': -86.4594041, 'elevation': '154.4346619', 'capacity': 22113, 'constructionYear': 1968, 'grass': False, 'dome': False}",36.9847901,-86.4594041
2429,Charlotte,49ers,CLT,"['CLT', 'Charlotte']",Conference USA,East,fbs,#046A38,#B9975B,"['http://a.espncdn.com/i/teamlogos/ncaa/500/2429.png', 'http://a.espncdn.com/i/teamlogos/ncaa/500-dark/2429.png']",@CharlotteFTBL,"{'id': 4418, 'name': 'Jerry Richardson Stadium', 'city': 'Charlotte', 'state': 'NC', 'zip': '28223', 'countryCode': 'US', 'timezone': 'America/New_York', 'latitude': 35.3105033, 'longitude': -80.7401194, 'elevation': '190.365509', 'capacity': 15300, 'constructionYear': 2013, 'grass': False, 'dome': False}",35.3105033,-80.7401194
2132,Cincinnati,Bearcats,CIN,"['CIN', 'Cincinnati']",American Athletic,East,fbs,#E00122,#000000,"['http://a.espncdn.com/i/teamlogos/ncaa/500/2132.png', 'http://a.espncdn.com/i/teamlogos/ncaa/500-dark/2132.png']",@GoBearcatsFB,"{'id': 3854, 'name': 'Nippert Stadium', 'city': 'Cincinnati', 'state': 'OH', 'zip': '45221', 'countryCode': 'US', 'timezone': 'America/New_York', 'latitude': 39.1312495, 'longitude': -84.5161913, 'elevation': '230.0660553', 'capacity': 40000, 'constructionYear': 1915, 'grass': False, 'dome': False}",39.1312495,-84.5161913
2426,Navy,Midshipmen,NAVY,"['NAVY', 'Navy']",American Athletic,West,fbs,#00225b,#b5a67c,"['http://a.espncdn.com/i/teamlogos/ncaa/500/2426.png', 'http://a.espncdn.com/i/teamlogos/ncaa/500-dark/2426.png']",@NavyFB,"{'id': 3852, 'name': 'Navy-Marine Corps Memorial Stadium', 'city': 'Annapolis', 'state': 'MD', 'zip': '21402', 'countryCode': 'US', 'timezone': 'America/New_York', 'latitude': 38.9846985, 'longitude': -76.5076335, 'elevation': '10.74990082', 'capacity': 34000, 'constructionYear': 1959, 'grass': False, 'dome': False}",38.9846985,-76.5076335
58,South Florida,Bulls,USF,"['USF', 'South Florida']",American Athletic,East,fbs,#004A36,#231f20,"['http://a.espncdn.com/i/teamlogos/ncaa/500/58.png', 'http://a.espncdn.com/i/teamlogos/ncaa/500-dark/58.png']",@USFFootball,"{'id': 3886, 'name': 'Raymond James Stadium', 'city': 'Tampa', 'state': 'FL', 'zip': '33620', 'countryCode': 'US', 'timezone': 'America/New_York', 'latitude': 27.9758691, 'longitude': -82.5033344, 'elevation': '11.07972908', 'capacity': 65828, 'constructionYear': 1998, 'grass': True, 'dome': False}",27.9758691,-82.5033344
41,UConn,Huskies,CONN,"['Connecticut', 'CONN', 'UConn']",American Athletic,East,fbs,#0c2340,#f1f2f3,"['http://a.espncdn.com/i/teamlogos/ncaa/500/41.png', 'http://a.espncdn.com/i/teamlogos/ncaa/500-dark/41.png']",@UConnFootball,"{'id': 3892, 'name': 'Pratt & Whitney Stadium', 'city': 'East Hartford', 'state': 'CT', 'zip': '6118 ', 'countryCode': 'US', 'timezone': 'America/New_York', 'latitude': 41.7595675, 'longitude': -72.6187728, 'elevation': '6.515614986', 'capacity': 40000, 'constructionYear': 2003, 'grass': True, 'dome': False}",41.7595675,-72.6187728
324,Coastal Carolina,Chanticleers,CCU,"['CCU', 'Coastal']",Sun Belt,West,fbs,#007073,#876447,"['http://a.espncdn.com/i/teamlogos/ncaa/500/324.png', 'http://a.espncdn.com/i/teamlogos/ncaa/500-dark/324.png']",@CoastalFootball,"{'id': 3654, 'name': 'Brooks Stadium (SC)', 'city': 'Conway', 'state': 'SC', 'zip': '29528', 'countryCode': 'US', 'timezone': 'America/New_York', 'latitude': 33.7928506, 'longitude': -79.0166946, 'elevation': '13.74894905', 'capacity': 21000, 'constructionYear': 2003, 'grass': False, 'dome': False}",33.7928506,-79.0166946
2065,Bethune-Cookman,Wildcats,BCU,"['BCU', 'Bethune']",SWAC,East,fcs,#7b1831,#e9aa12,"['http://a.espncdn.com/i/teamlogos/ncaa/500/2065.png', 'http://a.espncdn.com/i/teamlogos/ncaa/500-dark/2065.png']",@BCUGridiron,"{'id': 3850, 'name': 'Municipal Stadium', 'city': 'Daytona Beach', 'state': 'FL', 'zip': '32114', 'countryCode': 'US', 'timezone': 'America/New_York', 'latitude': 29.173466, 'longitude': -81.117511, 'elevation': '9.516305923', 'capacity': 10000, 'constructionYear': 1979, 'grass': False, 'dome': False}",29.173466,-81.117511
2083,Bucknell,Bison,BUCK,"['BUCK', 'Bucknell']",Patriot,South,fcs,#000060,#00316e,"['http://a.espncdn.com/i/teamlogos/ncaa/500/2083.png', 'http://a.espncdn.com/i/teamlogos/ncaa/500-dark/2083.png']",@Bucknell_FB,"{'id': 3676, 'name': 'Christy Mathewson-Memorial Stadium', 'city': 'Lewisburg', 'state': 'PA', 'zip': '17837', 'countryCode': 'US', 'timezone': 'America/New_York', 'latitude': 40.9519411, 'longitude': -76.884752, 'elevation': '151.194931', 'capacity': 13100, 'constructionYear': 1924, 'grass': False, 'dome': False}",40.9519411,-76.884752
2142,Colgate,Raiders,COLG,"['COLG', 'Colgate']",Patriot,North,fcs,#821019,#ffffff,"['http://a.espncdn.com/i/teamlogos/ncaa/500/2142.png', 'http://a.espncdn.com/i/teamlogos/ncaa/500-dark/2142.png']",@ColgateFB,"{'id': 3617, 'name': 'Andy Kerr Stadium', 'city': 'Hamilton', 'state': 'NY', 'zip': '13346', 'countryCode': 'US', 'timezone': 'America/New_York', 'latitude': 42.8168991, 'longitude': -75.5452721, 'elevation': '337.1443787', 'capacity': 10221, 'constructionYear': 1966, 'grass': False, 'dome': False}",42.8168991,-75.5452721
2169,Delaware State,Hornets,DSU,"['DSU', 'Delaware St']",MEAC,North,fcs,#FF3630,#009cdd,"['http://a.espncdn.com/i/teamlogos/ncaa/500/2169.png', 'http://a.espncdn.com/i/teamlogos/ncaa/500-dark/2169.png']",@DelSt_Football,"{'id': 3613, 'name': 'Alumni Stadium', 'city': 'Dover', 'state': 'DE', 'zip': '19901', 'countryCode': 'US', 'timezone': 'America/New_York', 'latitude': 39.189375, 'longitude': -75.5433185, 'elevation': '10.95275307', 'capacity': 7193, 'constructionYear': 1980, 'grass': False, 'dome': False}",39.189375,-75.5433185
2210,Elon,Phoenix,ELON,"['ELON', 'Elon']",CAA,South,fcs,#020303,#b59a57,"['http://a.espncdn.com/i/teamlogos/ncaa/500/2210.png', 'http://a.espncdn.com/i/teamlogos/ncaa/500-dark/2210.png']",@ElonFootball,"{'id': 3894, 'name': 'Rhodes Stadium', 'city': 'Elon', 'state': 'NC', 'zip': '77493', 'countryCode': 'US', 'timezone': 'America/New_York', 'latitude': 36.1101269, 'longitude': -79.5079979, 'elevation': '204.2487793', 'capacity': 14000, 'constructionYear': 2001, 'grass': True, 'dome': False}",36.1101269,-79.5079979
50,Florida A&M,Rattlers,FAMU,"['FAMU', 'Florida A&M']",SWAC,East,fcs,#F89728,#00843d,"['http://a.espncdn.com/i/teamlogos/ncaa/500/50.png', 'http://a.espncdn.com/i/teamlogos/ncaa/500-dark/50.png']",@FAMUAthletics,"{'id': 3650, 'name': 'Bragg Memorial Stadium', 'city': 'Tallahassee', 'state': 'FL', 'zip': '32307', 'countryCode': 'US', 'timezone': 'America/New_York', 'latitude': 30.4261632, 'longitude': -84.2923095, 'elevation': '31.18483925', 'capacity': 25500, 'constructionYear': 1957, 'grass': False, 'dome': False}",30.4261632,-84.2923095
2230,Fordham,Rams,FOR,"['FOR', 'Fordham']",Patriot,North,fcs,#830032,#909090,"['http://a.espncdn.com/i/teamlogos/ncaa/500/2230.png', 'http://a.espncdn.com/i/teamlogos/ncaa/500-dark/2230.png']",@FordhamFootball,"{'id': 150, 'name': 'Jack Coffey Field', 'city': 'Bronx', 'state': 'NY', 'zip': None, 'countryCode': 'US', 'timezone': None, 'latitude': 40.8466508, 'longitude': -73.8785937, 'elevation': None, 'capacity': 7000, 'constructionYear': None, 'grass': None, 'dome': False}",40.8466508,-73.8785937
107,Holy Cross,Crusaders,HC,"['HC', 'Holy Cross']",Patriot,North,fcs,#0a0a0a,#080808,"['http://a.espncdn.com/i/teamlogos/ncaa/500/107.png', 'http://a.espncdn.com/i/teamlogos/ncaa/500-dark/107.png']",@HCrossFB,"{'id': 3722, 'name': 'Fitton Field', 'city': 'Worcester', 'state': 'MA', 'zip': '1601 ', 'countryCode': 'US', 'timezone': 'America/New_York', 'latitude': 42.2403564, 'longitude': -71.8111424, 'elevation': '137.3915253', 'capacity': 23500, 'constructionYear': 1924, 'grass': True, 'dome': False}",42.2403564,-71.8111424
47,Howard,Bison,HOW,"['HOW', 'Howard']",MEAC,North,fcs,#003a63,#e51937,"['http://a.espncdn.com/i/teamlogos/ncaa/500/47.png', 'http://a.espncdn.com/i/teamlogos/ncaa/500-dark/47.png']",@HUBisonFootball,"{'id': 3990, 'name': 'William H. Greene Stadium', 'city': 'Washington', 'state': 'DC', 'zip': '20059', 'countryCode': 'US', 'timezone': 'America/New_York', 'latitude': 38.925487, 'longitude': -77.021047, 'elevation': '53.46718979', 'capacity': 10000, 'constructionYear': 1926, 'grass': False, 'dome': False}",38.925487,-77.021047
322,Lafayette,Leopards,LAF,"['LAF', 'Lafayette']",Patriot,South,fcs,#790000,#a59474,"['http://a.espncdn.com/i/teamlogos/ncaa/500/322.png', 'http://a.espncdn.com/i/teamlogos/ncaa/500-dark/322.png']",@LafColFootball,"{'id': 3721, 'name': 'Fisher Field', 'city': 'Easton', 'state': 'PA', 'zip': '18042', 'countryCode': 'US', 'timezone': 'America/New_York', 'latitude': 40.7009796, 'longitude': -75.2106499, 'elevation': '81.43208313', 'capacity': 13132, 'constructionYear': 1926, 'grass': False, 'dome': False}",40.7009796,-75.2106499
2329,Lehigh,Mountain Hawks,LEH,"['LEH', 'Lehigh']",Patriot,South,fcs,#6c2b2a,#b69e70,"['http://a.espncdn.com/i/teamlogos/ncaa/500/2329.png', 'http://a.espncdn.com/i/teamlogos/ncaa/500-dark/2329.png']",@LehighFootball,"{'id': 3741, 'name': 'Goodman Stadium', 'city': 'Bethlehem', 'state': 'PA', 'zip': '18015', 'countryCode': 'US', 'timezone': 'America/New_York', 'latitude': 40.5890837, 'longitude': -75.3553874, 'elevation': '90.32305145', 'capacity': 16000, 'constructionYear': 1988, 'grass': False, 'dome': False}",40.5890837,-75.3553874
2415,Morgan State,Bears,MORG,"['MORG', 'Morgan St']",MEAC,North,fcs,#014786,#f47937,"['http://a.espncdn.com/i/teamlogos/ncaa/500/2415.png', 'http://a.espncdn.com/i/teamlogos/ncaa/500-dark/2415.png']",@MorganStateFB,"{'id': 3762, 'name': 'Hughes Stadium', 'city': 'Baltimore', 'state': 'MD', 'zip': '80521', 'countryCode': 'US', 'timezone': 'America/New_York', 'latitude': 39.3439778, 'longitude': -76.5829573, 'elevation': '67.05336761', 'capacity': 10000, 'constructionYear': 1949, 'grass': False, 'dome': False}",39.3439778,-76.5829573
2450,Norfolk State,Spartans,NORF,"['NORF', 'Norfolk St']",MEAC,North,fcs,#0c8968,#fdb813,"['http://a.espncdn.com/i/teamlogos/ncaa/500/2450.png', 'http://a.espncdn.com/i/teamlogos/ncaa/500-dark/2450.png']",@NSU_FB,"{'id': 3991, 'name': 'William Dick"""" Price Stadium""""', 'city': 'Norfolk', 'state': 'VA', 'zip': '23504', 'countryCode': 'US', 'timezone': 'America/New_York', 'latitude': 36.8469442, 'longitude': -76.2600839, 'elevation': '4.916433334', 'capacity': 30000, 'constructionYear': 1997, 'grass': False, 'dome': False}",36.8469442,-76.2600839
2448,North Carolina A&T,Aggies,NCAT,"['NCAT', 'NC A&T']",MEAC,South,fcs,#0505aa,#004684,"['http://a.espncdn.com/i/teamlogos/ncaa/500/2448.png', 'http://a.espncdn.com/i/teamlogos/ncaa/500-dark/2448.png']",@Football_NCAT,"{'id': 3603, 'name': 'Aggie Stadium', 'city': 'Greensboro', 'state': 'NC', 'zip': '27411', 'countryCode': 'US', 'timezone': 'America/New_York', 'latitude': 36.0814337, 'longitude': -79.7700391, 'elevation': '235.1224518', 'capacity': 21500, 'constructionYear': 1981, 'grass': True, 'dome': False}",36.0814337,-79.7700391
2428,North Carolina Central,Eagles,NCCU,"['NCCU', 'NC Central']",MEAC,South,fcs,#880023,#c2c3c0,"['http://a.espncdn.com/i/teamlogos/ncaa/500/2428.png', 'http://a.espncdn.com/i/teamlogos/ncaa/500-dark/2428.png']",@NCCU_Football,"{'id': 3862, 'name': ""O'Kelly-Riddick Stadium"", 'city': 'Durham', 'state': 'NC', 'zip': '27707', 'countryCode': 'US', 'timezone': 'America/New_York', 'latitude': 35.9738646, 'longitude': -78.896969, 'elevation': '96.73323059', 'capacity': 10000, 'constructionYear': 1975, 'grass': False, 'dome': False}",35.9738646,-78.896969
2569,South Carolina State,Bulldogs,SCST,"['SCST', 'SC State']",MEAC,South,fcs,#7d1315,#104897,"['http://a.espncdn.com/i/teamlogos/ncaa/500/2569.png', 'http://a.espncdn.com/i/teamlogos/ncaa/500-dark/2569.png']",@SCState_FB,"{'id': 3864, 'name': 'Oliver C. Dawson Stadium', 'city': 'Orangeburg', 'state': 'SC', 'zip': '29115', 'countryCode': 'US', 'timezone': 'America/New_York', 'latitude': 33.4986313, 'longitude': -80.8446857, 'elevation': '67.29846191', 'capacity': 22000, 'constructionYear': 1955, 'grass': False, 'dome': False}",33.4986313,-80.8446857
2619,Stony Brook,Seawolves,STBK,"['STBK', 'Stony Brook']",CAA,North,fcs,#990000,#null,"['http://a.espncdn.com/i/teamlogos/ncaa/500/2619.png', 'http://a.espncdn.com/i/teamlogos/ncaa/500-dark/2619.png']",@StonyBrookFB,"{'id': 3788, 'name': 'Kenneth P. LaValle Stadium', 'city': 'Stony Brook', 'state': 'NY', 'zip': '11790', 'countryCode': 'US', 'timezone': 'America/New_York', 'latitude': 40.9188829, 'longitude': -73.1242966, 'elevation': '32.63183975', 'capacity': 12300, 'constructionYear': 2002, 'grass': False, 'dome': False}",40.9188829,-73.1242966
399,UAlbany,Great Danes,UALB,"['SUNY Albany', 'UALB', 'UAlbany']",CAA,North,fcs,#3D2777,#ffffff,"['http://a.espncdn.com/i/teamlogos/ncaa/500/399.png', 'http://a.espncdn.com/i/teamlogos/ncaa/500-dark/399.png']",@UAlbanyFootball,"{'id': 4419, 'name': 'Bob Ford Field', 'city': 'Albany', 'state': 'NY', 'zip': '12222', 'countryCode': 'US', 'timezone': 'America/New_York', 'latitude': 42.6808062, 'longitude': -73.8272841, 'elevation': '64.42764282', 'capacity': 8500, 'constructionYear': 2013, 'grass': False, 'dome': False}",42.6808062,-73.8272841
