year,team,portal_inbound_count,portal_outbound_count,portal_net_count,portal_inbound_rating,portal_net_rating
2021,Abilene Christian,4.0,2.0,2.0,0.0,-0.84
2021,Air Force,2.0,4.0,-2.0,0.0,0.0
2021,Akron,3.0,14.0,-11.0,0.0,0.0
2021,Alabama,4.0,11.0,-7.0,1.8599999999999999,-4.77
2021,Alabama A&M,2.0,1.0,1.0,0.0,-0.83
2021,Alabama State,0.0,1.0,-1.0,0.0,0.0
2021,Alcorn State,2.0,1.0,1.0,0.0,-0.83
2021,American International,0.0,1.0,-1.0,0.0,0.0
2021,Angelo State,1.0,0.0,1.0,0.0,0.0
2021,App State,7.0,4.0,3.0,0.8,0.8
2021,Arizona,16.0,18.0,-2.0,6.49,4.03
2021,Arizona State,7.0,18.0,-11.0,3.33,3.33
2021,Arkansas,5.0,16.0,-11.0,2.4699999999999998,-0.050000000000000266
2021,Arkansas State,17.0,9.0,8.0,1.61,-0.019999999999999796
2021,Arkansas Tech,1.0,0.0,1.0,0.0,0.0
2021,Arkansas-Pine Bluff,1.0,1.0,0.0,0.0,0.0
2021,Army,0.0,2.0,-2.0,0.0,0.0
2021,Auburn,10.0,22.0,-12.0,6.76,0.9100000000000001
2021,Austin Peay,3.0,5.0,-2.0,0.0,0.0
2021,Azusa Pacific,0.0,1.0,-1.0,0.0,0.0
2021,BYU,5.0,3.0,2.0,0.9,0.9
2021,Ball State,2.0,9.0,-7.0,0.0,0.0
2021,Baylor,6.0,8.0,-2.0,3.43,1.7700000000000002
2021,Bethune-Cookman,1.0,0.0,1.0,0.0,0.0
2021,Blinn College,4.0,0.0,4.0,0.0,0.0
2021,Boise State,6.0,7.0,-1.0,0.0,0.0
2021,Boston College,6.0,15.0,-9.0,3.31,1.65
2021,Bowie State,1.0,0.0,1.0,0.0,0.0
2021,Bowling Green,5.0,14.0,-9.0,0.0,0.0
2021,Brown,0.0,1.0,-1.0,0.0,0.0
2021,Bryant,1.0,0.0,1.0,0.0,0.0
2021,Bucknell,0.0,1.0,-1.0,0.0,0.0
2021,Buffalo,6.0,20.0,-14.0,0.0,-1.72
2021,Butler C.C.,3.0,0.0,3.0,0.0,0.0
2021,Cal Poly,0.0,2.0,-2.0,0.0,0.0
2021,California,3.0,10.0,-7.0,0.86,0.030000000000000027
2021,Central Connecticut,1.0,0.0,1.0,0.0,0.0
2021,Central Michigan,3.0,18.0,-15.0,0.8,-0.029999999999999916
2021,Central Missouri,1.0,0.0,1.0,0.0,0.0
2021,Central Oklahoma,2.0,0.0,2.0,0.0,0.0
2021,Central Washington,1.0,0.0,1.0,0.0,0.0
2021,Chadron St,0.0,1.0,-1.0,0.0,0.0
2021,Charleston Southern,1.0,1.0,0.0,0.0,0.0
2021,Charlotte,11.0,12.0,-1.0,0.8,-0.8400000000000001
2021,Chattanooga,4.0,0.0,4.0,0.0,0.0
2021,Cincinnati,3.0,10.0,-7.0,0.84,0.84
2021,City College of San Francisco,1.0,0.0,1.0,0.0,0.0
2021,Clemson,0.0,8.0,-8.0,0.0,-5.34
2021,Coastal Carolina,4.0,11.0,-7.0,0.0,0.0
2021,Colgate,0.0,1.0,-1.0,0.0,0.0
2021,College of Charleston,1.0,0.0,1.0,0.0,0.0
2021,College of the Canyons,1.0,0.0,1.0,0.0,0.0
2021,Colorado,6.0,13.0,-7.0,2.46,-0.7800000000000002
2021,Colorado Mesa,3.0,0.0,3.0,0.0,0.0
2021,Colorado State,6.0,13.0,-7.0,1.69,0.04999999999999982
2021,Dartmouth,0.0,1.0,-1.0,0.0,0.0
2021,Delaware,1.0,1.0,0.0,0.0,-0.8
2021,Delta State,1.0,0.0,1.0,0.0,0.0
2021,Duke,8.0,9.0,-1.0,1.6,-1.73
2021,Duquesne,3.0,0.0,3.0,0.0,0.0
2021,East Carolina,11.0,14.0,-3.0,0.0,-0.8
2021,East Tennessee State,2.0,0.0,2.0,0.0,0.0
2021,Eastern Illinois,1.0,2.0,-1.0,0.0,0.0
2021,Eastern Kentucky,8.0,0.0,8.0,0.0,0.0
2021,Eastern Michigan,3.0,12.0,-9.0,0.0,0.0
2021,Eastern Washington,2.0,0.0,2.0,0.0,0.0
2021,Fairmont State,0.0,1.0,-1.0,0.0,-0.82
2021,Florida,7.0,10.0,-3.0,3.4699999999999998,1.0399999999999996
2021,Florida A&M,4.0,0.0,4.0,0.0,0.0
2021,Florida Atlantic,7.0,9.0,-2.0,2.43,2.43
2021,Florida State,12.0,17.0,-5.0,7.7,1.7999999999999998
2021,Fordham,0.0,1.0,-1.0,0.0,0.0
2021,Fort Valley State,1.0,0.0,1.0,0.0,0.0
2021,Fresno State,8.0,13.0,-5.0,1.66,1.66
2021,Furman,0.0,1.0,-1.0,0.0,0.0
2021,Garden City C.C. ,1.0,0.0,1.0,0.0,0.0
2021,Georgia,3.0,13.0,-10.0,2.83,-3.8600000000000003
2021,Georgia Southern,4.0,14.0,-10.0,0.8,-1.72
2021,Georgia State,3.0,7.0,-4.0,0.83,-0.07000000000000006
2021,Georgia Tech,10.0,19.0,-9.0,4.99,1.79
2021,Grand Valley State University,0.0,1.0,-1.0,0.0,0.0
2021,Harvard,0.0,2.0,-2.0,0.0,-0.85
2021,Hawai'i,6.0,10.0,-4.0,0.0,0.0
2021,Holy Cross,0.0,3.0,-3.0,0.0,-0.8
2021,Houston,10.0,12.0,-2.0,3.31,3.31
2021,Houston Christian,0.0,5.0,-5.0,0.0,-0.84
2021,Howard,0.0,1.0,-1.0,0.0,0.0
2021,Hutchinson C.C.,2.0,0.0,2.0,0.0,0.0
2021,Idaho,6.0,0.0,6.0,0.0,0.0
2021,Illinois,9.0,17.0,-8.0,3.26,1.6199999999999997
2021,Illinois State,3.0,2.0,1.0,0.0,-1.67
2021,Incarnate Word,0.0,1.0,-1.0,0.0,0.0
2021,Independence C.C.,3.0,0.0,3.0,0.0,0.0
2021,Indiana,8.0,10.0,-2.0,2.5,2.5
2021,Iowa,1.0,10.0,-9.0,0.84,0.84
2021,Iowa Central C.C.,1.0,0.0,1.0,0.0,0.0
2021,Iowa State,2.0,7.0,-5.0,0.85,0.020000000000000018
2021,Jackson State,18.0,1.0,17.0,0.0,-0.88
2021,Jacksonville State,6.0,1.0,5.0,0.0,-0.83
2021,James Madison,2.0,2.0,0.0,0.0,0.0
2021,Kansas,13.0,27.0,-14.0,1.7,-1.68
2021,Kansas State,8.0,15.0,-7.0,2.46,1.62
2021,Kennesaw State,2.0,1.0,1.0,0.0,0.0
2021,Kent State,7.0,14.0,-7.0,0.0,0.0
2021,Kentucky,7.0,10.0,-3.0,5.9399999999999995,5.9399999999999995
2021,Kentucky State,1.0,0.0,1.0,0.0,0.0
2021,Kilgore J.C.,1.0,0.0,1.0,0.0,0.0
2021,LSU,2.0,14.0,-12.0,1.7799999999999998,-7.630000000000001
2021,Lafayette,1.0,0.0,1.0,0.0,0.0
2021,Lehigh,0.0,1.0,-1.0,0.0,0.0
2021,Liberty,6.0,9.0,-3.0,0.84,0.84
2021,Lindenwood University,1.0,0.0,1.0,0.0,0.0
2021,Louisiana,9.0,7.0,2.0,2.42,2.42
2021,Louisiana Tech,9.0,11.0,-2.0,1.6400000000000001,0.8200000000000002
2021,Louisville,6.0,16.0,-10.0,2.59,0.1499999999999999
2021,Maine,1.0,2.0,-1.0,0.0,0.0
2021,Marshall,6.0,13.0,-7.0,1.62,-0.15999999999999992
2021,Maryland,1.0,15.0,-14.0,0.84,-3.3000000000000007
2021,Massachusetts,11.0,21.0,-10.0,0.8,0.0
2021,McNeese,3.0,3.0,0.0,0.0,-0.83
2021,Memphis,13.0,26.0,-13.0,4.1,1.4699999999999998
2021,Mercer,1.0,0.0,1.0,0.0,0.0
2021,Merrimack,1.0,1.0,0.0,0.0,0.0
2021,Miami,4.0,6.0,-2.0,3.49,2.6700000000000004
2021,Miami (OH),2.0,10.0,-8.0,0.0,-0.83
2021,Michigan,5.0,20.0,-15.0,2.57,-2.4100000000000006
2021,Michigan State,14.0,21.0,-7.0,6.609999999999999,3.3599999999999994
2021,Middle Tennessee,6.0,10.0,-4.0,1.62,1.62
2021,Minnesota,7.0,12.0,-5.0,4.14,3.3
2021,Mississippi Gulf Coast C.C.,1.0,0.0,1.0,0.0,0.0
2021,Mississippi State,8.0,22.0,-14.0,3.35,-0.6999999999999997
2021,Missouri,5.0,21.0,-16.0,4.1899999999999995,1.7699999999999996
2021,Missouri State,4.0,1.0,3.0,0.0,-0.83
2021,Missouri Western State,0.0,1.0,-1.0,0.0,0.0
2021,Montana,0.0,1.0,-1.0,0.0,-0.87
2021,Montana State,2.0,0.0,2.0,0.0,0.0
2021,Morgan State,0.0,1.0,-1.0,0.0,0.0
2021,Murray State,2.0,1.0,1.0,0.0,0.0
2021,NC State,4.0,11.0,-7.0,3.34,-0.71
2021,Navy,0.0,7.0,-7.0,0.0,0.0
2021,Nebraska,5.0,18.0,-13.0,3.38,-1.62
2021,Nevada,6.0,12.0,-6.0,0.0,0.0
2021,New Mexico,4.0,14.0,-10.0,0.0,0.0
2021,New Mexico Military Institute,1.0,0.0,1.0,0.0,0.0
2021,New Mexico State,1.0,10.0,-9.0,0.8,0.0
2021,Nicholls,4.0,0.0,4.0,0.0,0.0
2021,Norfolk State,1.0,1.0,0.0,0.0,0.0
2021,North Alabama,3.0,0.0,3.0,0.0,0.0
2021,North Carolina,1.0,21.0,-20.0,0.91,-3.13
2021,North Carolina A&T,4.0,1.0,3.0,0.0,0.0
2021,North Carolina Central,0.0,1.0,-1.0,0.0,0.0
2021,North Dakota State,4.0,2.0,2.0,0.0,0.0
2021,North Texas,11.0,19.0,-8.0,1.61,-1.66
2021,Northern Arizona,3.0,0.0,3.0,0.0,0.0
2021,Northern Colorado,6.0,0.0,6.0,0.0,0.0
2021,Northern Illinois,1.0,19.0,-18.0,0.8,0.8
2021,Northern Iowa,6.0,2.0,4.0,0.0,-1.65
2021,Northwestern,7.0,8.0,-1.0,1.67,-0.7800000000000002
2021,Northwestern State,2.0,1.0,1.0,0.0,0.0
2021,Notre Dame,4.0,19.0,-15.0,1.77,-3.98
2021,Notre Dame College,1.0,0.0,1.0,0.0,0.0
2021,Ohio,1.0,5.0,-4.0,0.0,0.0
2021,Ohio State,1.0,5.0,-4.0,0.0,-2.58
2021,Oklahoma,10.0,19.0,-9.0,7.82,-1.5
2021,Oklahoma State,5.0,8.0,-3.0,3.29,0.0
2021,Old Dominion,7.0,14.0,-7.0,1.61,-0.9299999999999999
2021,Ole Miss,3.0,9.0,-6.0,1.69,-0.7600000000000002
2021,Oregon,0.0,12.0,-12.0,0.0,-2.54
2021,Oregon State,6.0,14.0,-8.0,3.23,3.23
2021,Penn State,6.0,14.0,-8.0,5.09,-2.29
2021,Pennsylvania,0.0,2.0,-2.0,0.0,0.0
2021,Pittsburg St,1.0,0.0,1.0,0.0,0.0
2021,Pittsburgh,4.0,6.0,-2.0,0.81,0.81
2021,Prairie View A&M,2.0,1.0,1.0,0.0,0.0
2021,Presbyterian,0.0,4.0,-4.0,0.0,0.0
2021,Professional,2.0,0.0,2.0,0.0,0.0
2021,Purdue,8.0,8.0,0.0,1.62,0.7900000000000001
2021,Rhode Island,4.0,1.0,3.0,0.0,0.0
2021,Rice,3.0,5.0,-2.0,0.8,-0.019999999999999907
2021,Richmond,1.0,2.0,-1.0,0.0,0.0
2021,Robert Morris,0.0,1.0,-1.0,0.0,0.0
2021,Rutgers,7.0,17.0,-10.0,3.27,3.27
2021,SE Louisiana,3.0,0.0,3.0,0.0,0.0
2021,SMU,14.0,9.0,5.0,5.09,5.09
2021,Sacramento State,2.0,1.0,1.0,0.0,0.0
2021,Sacred Heart,1.0,1.0,0.0,0.0,0.0
2021,Sam Houston,2.0,1.0,1.0,0.0,0.0
2021,Samford,1.0,0.0,1.0,0.0,0.0
2021,San Diego,2.0,2.0,0.0,0.0,0.0
2021,San Diego State,2.0,9.0,-7.0,0.81,0.81
2021,San José State,9.0,7.0,2.0,0.0,0.0
2021,Santa Rosa J.C.,1.0,0.0,1.0,0.0,0.0
2021,Snow College,1.0,0.0,1.0,0.8,0.8
2021,South Alabama,13.0,11.0,2.0,1.63,1.63
2021,South Carolina,8.0,12.0,-4.0,6.63,0.8499999999999996
2021,South Dakota,1.0,0.0,1.0,0.0,0.0
2021,South Dakota State,0.0,1.0,-1.0,0.0,0.0
2021,South Florida,10.0,17.0,-7.0,1.62,0.8200000000000001
2021,Southeast Missouri State,1.0,3.0,-2.0,0.0,-0.84
2021,Southern,1.0,0.0,1.0,0.0,0.0
2021,Southern Illinois,2.0,0.0,2.0,0.0,0.0
2021,Southern Miss,8.0,15.0,-7.0,1.6,0.79
2021,Southern Utah,1.0,0.0,1.0,0.0,0.0
2021,Southwest Minnesota State,1.0,0.0,1.0,0.0,0.0
2021,St. Francis (PA),0.0,2.0,-2.0,0.0,-1.65
2021,Stanford,1.0,3.0,-2.0,0.0,0.0
2021,Stephen F. Austin,1.0,0.0,1.0,0.0,0.0
2021,Stony Brook,4.0,1.0,3.0,0.0,0.0
2021,Syracuse,3.0,16.0,-13.0,0.8,0.0
2021,TCU,6.0,23.0,-17.0,4.24,-0.71
2021,Temple,11.0,18.0,-7.0,3.24,-2.5199999999999996
2021,Tennessee,10.0,37.0,-27.0,4.16,-7.130000000000001
2021,Tennessee State,6.0,0.0,6.0,0.0,0.0
2021,Texas,8.0,16.0,-8.0,3.33,-3.4399999999999995
2021,Texas A&M,1.0,19.0,-18.0,0.86,-4.069999999999999
2021,Texas State,19.0,15.0,4.0,1.62,1.62
2021,Texas Tech,11.0,16.0,-5.0,4.98,2.49
2021,Texas-Permian Basin,1.0,0.0,1.0,0.0,0.0
2021,The Citadel,0.0,1.0,-1.0,0.0,0.0
2021,Tiffin University,1.0,0.0,1.0,0.0,0.0
2021,Toledo,5.0,3.0,2.0,0.8,0.8
2021,Towson,6.0,0.0,6.0,0.0,0.0
2021,Troy,8.0,9.0,-1.0,2.41,2.41
2021,Tulane,5.0,11.0,-6.0,0.0,0.0
2021,Tulsa,6.0,7.0,-1.0,0.81,-0.8899999999999999
2021,UAB,6.0,8.0,-2.0,0.8,0.8
2021,UAlbany,2.0,0.0,2.0,0.0,0.0
2021,UCF,10.0,17.0,-7.0,1.68,-3.4300000000000006
2021,UCLA,8.0,8.0,0.0,6.8,5.99
2021,UConn,2.0,7.0,-5.0,0.0,0.0
2021,UL Monroe,15.0,21.0,-6.0,0.85,-1.58
2021,UNLV,6.0,14.0,-8.0,0.0,-0.84
2021,USC,9.0,9.0,0.0,6.859999999999999,3.3099999999999996
2021,UT Martin,2.0,1.0,1.0,0.0,0.0
2021,UTEP,4.0,11.0,-7.0,0.0,0.0
2021,UTSA,9.0,6.0,3.0,0.81,0.81
2021,University of Mary,1.0,0.0,1.0,0.0,0.0
2021,Utah,8.0,17.0,-9.0,3.31,-0.020000000000000018
2021,Utah State,12.0,16.0,-4.0,1.61,-0.8599999999999997
2021,Utah Tech,2.0,0.0,2.0,0.0,0.0
2021,Valdosta State,1.0,0.0,1.0,0.0,0.0
2021,Vanderbilt,5.0,21.0,-16.0,1.6400000000000001,-0.8399999999999999
2021,Villanova,1.0,1.0,0.0,0.0,-0.85
2021,Virginia,6.0,9.0,-3.0,1.67,0.83
2021,Virginia Tech,7.0,19.0,-12.0,2.49,-0.11999999999999966
2021,Wagner,1.0,1.0,0.0,0.0,0.0
2021,Wake Forest,6.0,11.0,-5.0,2.42,-0.8700000000000001
2021,Washington,4.0,10.0,-6.0,2.47,-0.9299999999999997
2021,Washington State,7.0,24.0,-17.0,2.47,1.6600000000000001
2021,Weber State,2.0,1.0,1.0,0.0,0.0
2021,West Alabama,2.0,0.0,2.0,0.0,0.0
2021,West Florida,2.0,0.0,2.0,0.0,0.0
2021,West Texas A&M,1.0,0.0,1.0,0.0,0.0
2021,West Virginia,2.0,23.0,-21.0,1.7200000000000002,-2.5100000000000002
2021,Western Carolina,2.0,1.0,1.0,0.0,0.0
2021,Western Illinois,5.0,0.0,5.0,0.0,0.0
2021,Western Kentucky,19.0,24.0,-5.0,1.65,0.82
2021,Western Michigan,1.0,7.0,-6.0,0.0,-0.84
2021,Winston-Salem State,1.0,0.0,1.0,0.0,0.0
2021,Wisconsin,2.0,8.0,-6.0,0.83,-0.020000000000000018
2021,Wofford,1.0,0.0,1.0,0.0,0.0
2021,Wyoming,1.0,4.0,-3.0,0.0,0.0
2021,Yale,0.0,1.0,-1.0,0.0,-0.8
2021,Youngstown State,1.0,0.0,1.0,0.0,0.0
2022,Abilene Christian,9.0,4.0,5.0,0.0,-2.49
2022,Air Force,0.0,9.0,-9.0,0.0,-1.52
2022,Akron,15.0,10.0,5.0,6.61,2.3400000000000007
2022,Alabama,5.0,24.0,-19.0,4.72,-7.55
2022,Alabama A&M,11.0,1.0,10.0,2.42,2.42
2022,Alabama State,7.0,0.0,7.0,3.29,3.29
2022,Alcorn State,4.0,0.0,4.0,1.61,1.61
2022,App State,9.0,10.0,-1.0,2.48,0.8
2022,Arizona,8.0,27.0,-19.0,6.08,0.33999999999999986
2022,Arizona State,13.0,21.0,-8.0,11.24,-0.9100000000000001
2022,Arkansas,9.0,22.0,-13.0,7.140000000000001,0.34000000000000075
2022,Arkansas State,11.0,25.0,-14.0,4.14,-4.820000000000001
2022,Army,0.0,6.0,-6.0,0.0,-1.57
2022,Ashland,1.0,0.0,1.0,0.0,0.0
2022,Auburn,11.0,24.0,-13.0,7.83,-10.450000000000001
2022,Austin Peay,1.0,2.0,-1.0,0.0,-0.86
2022,BYU,4.0,10.0,-6.0,3.53,1.9499999999999997
2022,Ball State,5.0,10.0,-5.0,1.67,1.67
2022,Baylor,3.0,8.0,-5.0,1.8,-0.8299999999999998
2022,Bethune-Cookman,1.0,0.0,1.0,0.0,0.0
2022,Blinn College,1.0,0.0,1.0,0.0,0.0
2022,Boise State,3.0,6.0,-3.0,2.62,0.9300000000000002
2022,Boston College,4.0,13.0,-9.0,1.7,-1.57
2022,Bowling Green,6.0,13.0,-7.0,1.61,-3.1399999999999997
2022,Bucknell,1.0,0.0,1.0,0.0,0.0
2022,Buffalo,21.0,27.0,-6.0,9.23,-3.1400000000000006
2022,Butler,1.0,0.0,1.0,0.0,0.0
2022,Butler County (KS),1.0,0.0,1.0,0.79,0.79
2022,Cal Poly,0.0,2.0,-2.0,0.0,-0.86
2022,California,6.0,11.0,-5.0,3.52,-0.8400000000000003
2022,Campbell,4.0,3.0,1.0,0.0,-0.84
2022,Central Arkansas,6.0,2.0,4.0,2.37,0.6500000000000001
2022,Central Michigan,2.0,17.0,-15.0,1.62,-5.14
2022,Central Missouri,0.0,1.0,-1.0,0.0,0.0
2022,Central Oklahoma,1.0,0.0,1.0,0.0,0.0
2022,Charleston Southern,0.0,1.0,-1.0,0.0,-0.84
2022,Charlotte,3.0,9.0,-6.0,1.67,0.8099999999999999
2022,Chattanooga,4.0,0.0,4.0,0.0,0.0
2022,Cincinnati,7.0,10.0,-3.0,4.36,1.9200000000000004
2022,Cisco College,1.0,0.0,1.0,0.82,0.82
2022,Clemson,1.0,10.0,-9.0,0.8,-7.6499999999999995
2022,Coastal Carolina,4.0,16.0,-12.0,0.0,-1.7000000000000002
2022,Colgate,1.0,1.0,0.0,0.0,-0.83
2022,College of the Canyons,1.0,0.0,1.0,0.0,0.0
2022,Colorado,6.0,24.0,-18.0,3.36,-9.190000000000001
2022,Colorado School Of Mines,1.0,0.0,1.0,0.0,0.0
2022,Colorado State,11.0,22.0,-11.0,5.01,0.9199999999999999
2022,Columbia,0.0,2.0,-2.0,0.0,-1.71
2022,Concordia University,1.0,0.0,1.0,0.0,0.0
2022,Cornell,0.0,2.0,-2.0,0.0,-0.89
2022,Dartmouth,0.0,6.0,-6.0,0.0,-3.38
2022,Delaware,0.0,2.0,-2.0,0.0,-0.87
2022,Delta State,1.0,0.0,1.0,0.0,0.0
2022,Drake,1.0,1.0,0.0,0.0,0.0
2022,Duke,8.0,13.0,-5.0,2.55,-2.6000000000000005
2022,Duquesne,1.0,1.0,0.0,0.79,0.79
2022,East Carolina,14.0,28.0,-14.0,6.529999999999999,3.349999999999999
2022,East Central (OK),0.0,1.0,-1.0,0.0,0.0
2022,East Tennessee State,1.0,3.0,-2.0,0.8,-1.82
2022,Eastern Illinois,2.0,1.0,1.0,1.65,1.65
2022,Eastern Kentucky,4.0,1.0,3.0,1.66,1.66
2022,Eastern Michigan,5.0,15.0,-10.0,3.25,-0.029999999999999805
2022,Eastern New Mexico,1.0,1.0,0.0,0.0,0.0
2022,Elizabeth City State,2.0,0.0,2.0,0.79,0.79
2022,Elon,4.0,1.0,3.0,0.76,0.76
2022,Florida,9.0,18.0,-9.0,7.04,-5.11
2022,Florida A&M,8.0,2.0,6.0,3.22,3.22
2022,Florida Atlantic,12.0,12.0,0.0,5.01,2.59
2022,Florida International,11.0,17.0,-6.0,4.92,-3.3000000000000007
2022,Florida State,13.0,28.0,-15.0,10.46,1.3000000000000007
2022,Fordham,1.0,1.0,0.0,0.0,0.0
2022,Fort Hays State,1.0,0.0,1.0,0.0,0.0
2022,Fresno State,12.0,16.0,-4.0,6.04,1.96
2022,Furman,0.0,3.0,-3.0,0.0,-0.76
2022,Gardner-Webb,1.0,0.0,1.0,0.0,0.0
2022,Georgetown,0.0,1.0,-1.0,0.0,-0.89
2022,Georgia,1.0,14.0,-13.0,0.0,-8.95
2022,Georgia Southern,11.0,18.0,-7.0,1.65,0.08999999999999986
2022,Georgia State,4.0,15.0,-11.0,0.79,-4.86
2022,Georgia Tech,18.0,17.0,1.0,10.379999999999999,0.06999999999999851
2022,Grambling,5.0,1.0,4.0,2.45,2.45
2022,Grand Valley State University,1.0,0.0,1.0,0.8,0.8
2022,Hampton,1.0,0.0,1.0,0.0,0.0
2022,Harvard,0.0,5.0,-5.0,0.0,-2.62
2022,Hawai'i,13.0,22.0,-9.0,3.3200000000000003,-6.890000000000001
2022,Hinds C.C.,1.0,0.0,1.0,0.0,0.0
2022,Holmes C.C.,1.0,0.0,1.0,0.0,0.0
2022,Holy Cross,0.0,1.0,-1.0,0.0,-0.83
2022,Houston,11.0,23.0,-12.0,5.13,-1.3100000000000005
2022,Houston Christian,0.0,2.0,-2.0,0.0,0.0
2022,Hutchinson C.C.,1.0,0.0,1.0,0.0,0.0
2022,Idaho,1.0,1.0,0.0,0.82,-0.030000000000000027
2022,Idaho State,1.0,1.0,0.0,0.0,0.0
2022,Illinois,8.0,23.0,-15.0,2.51,-3.33
2022,Illinois State,2.0,2.0,0.0,1.63,-0.10000000000000009
2022,Incarnate Word,4.0,3.0,1.0,0.79,-0.14
2022,Independence C.C.,1.0,0.0,1.0,0.84,0.84
2022,Indiana,13.0,34.0,-21.0,8.49,-4.640000000000001
2022,Indiana State,3.0,1.0,2.0,0.0,0.0
2022,Iowa,1.0,7.0,-6.0,0.87,-2.41
2022,Iowa Central C.C.,2.0,0.0,2.0,0.0,0.0
2022,Iowa State,4.0,21.0,-17.0,1.69,-4.26
2022,Iowa Western C.C.,3.0,0.0,3.0,0.0,0.0
2022,Jackson State,15.0,0.0,15.0,9.08,9.08
2022,Jacksonville State,6.0,4.0,2.0,0.85,0.85
2022,James Madison,5.0,3.0,2.0,1.62,-0.1499999999999999
2022,Kansas,15.0,23.0,-8.0,10.3,7.000000000000001
2022,Kansas State,7.0,17.0,-10.0,5.14,-3.1399999999999997
2022,Kennesaw State,1.0,1.0,0.0,0.0,0.0
2022,Kent State,4.0,7.0,-3.0,3.25,1.63
2022,Kentucky,9.0,19.0,-10.0,5.29,-1.38
2022,Kentucky Christian,0.0,1.0,-1.0,0.0,-0.86
2022,LSU,16.0,19.0,-3.0,13.24,2.4800000000000004
2022,Lafayette,0.0,1.0,-1.0,0.0,-0.87
2022,Lamar,2.0,1.0,1.0,0.83,-0.030000000000000027
2022,Lehigh,1.0,1.0,0.0,0.0,0.0
2022,Liberty,13.0,10.0,3.0,5.83,5.03
2022,Limestone College,3.0,0.0,3.0,0.0,0.0
2022,Lindenwood University,1.0,0.0,1.0,0.0,0.0
2022,Livingstone College,0.0,1.0,-1.0,0.0,0.0
2022,Louisiana,2.0,14.0,-12.0,0.81,-9.47
2022,Louisiana Tech,9.0,11.0,-2.0,2.44,-0.06999999999999984
2022,Louisville,13.0,18.0,-5.0,8.75,-1.3499999999999996
2022,Maine,1.0,0.0,1.0,0.0,0.0
2022,Marist,0.0,1.0,-1.0,0.0,-0.82
2022,Marshall,13.0,14.0,-1.0,5.01,1.7299999999999995
2022,Maryland,6.0,27.0,-21.0,1.72,-7.510000000000001
2022,Massachusetts,19.0,15.0,4.0,9.790000000000001,8.13
2022,McNeese,5.0,2.0,3.0,1.62,1.62
2022,Memphis,11.0,21.0,-10.0,4.3,-2.25
2022,Mercer,2.0,0.0,2.0,0.78,0.78
2022,Merrimack,1.0,0.0,1.0,0.8,0.8
2022,Miami,11.0,18.0,-7.0,9.68,-0.5099999999999998
2022,Miami (OH),8.0,17.0,-9.0,3.38,-4.07
2022,Michigan,3.0,12.0,-9.0,2.7,-2.41
2022,Michigan State,10.0,23.0,-13.0,6.23,-3.8099999999999987
2022,Middle Tennessee,10.0,18.0,-8.0,3.32,-0.06999999999999984
2022,Minnesota,8.0,23.0,-15.0,5.15,-5.709999999999999
2022,Minnesota State Mankato,0.0,1.0,-1.0,0.0,0.0
2022,Misericordia,1.0,0.0,1.0,0.0,0.0
2022,Mississippi State,10.0,24.0,-14.0,4.39,-4.989999999999999
2022,Missouri,13.0,17.0,-4.0,10.3,0.9400000000000013
2022,Missouri State,4.0,2.0,2.0,3.21,2.4
2022,Missouri Western State,0.0,1.0,-1.0,0.0,0.0
2022,Monmouth,1.0,1.0,0.0,0.0,0.0
2022,Montana,2.0,1.0,1.0,0.8,0.020000000000000018
2022,Montana State,1.0,2.0,-1.0,0.0,0.0
2022,Murray State,1.0,2.0,-1.0,0.0,-1.73
2022,NC State,2.0,8.0,-6.0,1.73,-0.8500000000000001
2022,Navarro College,3.0,0.0,3.0,1.62,1.62
2022,Navy,0.0,4.0,-4.0,0.0,-2.42
2022,Nebraska,15.0,20.0,-5.0,12.08,3.460000000000001
2022,Nevada,16.0,19.0,-3.0,0.89,-6.74
2022,New Mexico,7.0,12.0,-5.0,1.6400000000000001,-2.57
2022,New Mexico State,9.0,16.0,-7.0,6.04,0.1299999999999999
2022,Nicholls,1.0,3.0,-2.0,0.0,0.0
2022,Norfolk State,3.0,1.0,2.0,0.82,-0.020000000000000018
2022,North Carolina,5.0,16.0,-11.0,4.37,-4.96
2022,North Carolina A&T,3.0,1.0,2.0,0.79,0.79
2022,North Carolina Central,1.0,1.0,0.0,0.8,0.07000000000000006
2022,North Dakota State,0.0,4.0,-4.0,0.0,-1.73
2022,North Texas,10.0,22.0,-12.0,5.82,0.6699999999999999
2022,Northern Arizona,2.0,0.0,2.0,0.83,0.83
2022,Northern Colorado,3.0,3.0,0.0,0.81,-0.04999999999999993
2022,Northern Illinois,3.0,5.0,-2.0,0.8,-0.9000000000000001
2022,Northern Iowa,5.0,1.0,4.0,1.63,0.7399999999999999
2022,Northern State,0.0,1.0,-1.0,0.0,-0.85
2022,Northwest Missouri St,1.0,0.0,1.0,0.0,0.0
2022,Northwestern,6.0,9.0,-3.0,4.1,-3.3600000000000003
2022,Northwestern State,3.0,0.0,3.0,2.45,2.45
2022,Notre Dame,4.0,14.0,-10.0,1.81,-5.85
2022,Notre Dame College,0.0,1.0,-1.0,0.0,0.0
2022,Ohio,3.0,12.0,-9.0,0.81,-1.58
2022,Ohio State,3.0,20.0,-17.0,1.8199999999999998,-10.42
2022,Oklahoma,16.0,18.0,-2.0,13.2,1.5399999999999991
2022,Oklahoma State,5.0,16.0,-11.0,2.56,-6.26
2022,Old Dominion,3.0,10.0,-7.0,0.8,-3.1500000000000004
2022,Ole Miss,17.0,23.0,-6.0,14.32,0.08999999999999986
2022,Oregon,12.0,19.0,-7.0,7.86,-3.6599999999999993
2022,Oregon State,2.0,10.0,-8.0,0.86,-1.62
2022,Penn State,3.0,15.0,-12.0,1.78,-3.3
2022,Pittsburg St,1.0,0.0,1.0,0.0,0.0
2022,Pittsburgh,7.0,17.0,-10.0,4.36,-2.46
2022,Portland State,4.0,0.0,4.0,0.87,0.87
2022,Prairie View A&M,0.0,1.0,-1.0,0.0,0.0
2022,Professional,2.0,0.0,2.0,1.76,1.76
2022,Purdue,10.0,16.0,-6.0,5.07,-1.6399999999999997
2022,Rhode Island,1.0,1.0,0.0,0.0,-0.83
2022,Rice,7.0,15.0,-8.0,2.52,-3.9999999999999996
2022,Richmond,0.0,1.0,-1.0,0.0,-0.88
2022,Robert Morris,0.0,1.0,-1.0,0.0,0.0
2022,Rutgers,7.0,21.0,-14.0,6.09,-2.1899999999999995
2022,SE Louisiana,1.0,0.0,1.0,0.0,0.0
2022,SMU,16.0,15.0,1.0,13.0,7.85
2022,Sacramento State,2.0,0.0,2.0,0.82,0.82
2022,Sacred Heart,0.0,1.0,-1.0,0.0,-0.9
2022,Sam Houston,14.0,4.0,10.0,4.9,3.1300000000000003
2022,Samford,4.0,4.0,0.0,0.8,-0.06999999999999995
2022,San Diego,2.0,0.0,2.0,0.79,0.79
2022,San Diego State,6.0,9.0,-3.0,1.71,-1.56
2022,San José State,8.0,12.0,-4.0,3.38,2.57
2022,Savannah St,0.0,1.0,-1.0,0.0,0.0
2022,Shepherd,1.0,1.0,0.0,0.0,0.0
2022,Simon Fraser,0.0,1.0,-1.0,0.0,0.0
2022,South Alabama,15.0,10.0,5.0,12.36,10.82
2022,South Carolina,10.0,21.0,-11.0,8.05,1.3500000000000005
2022,South Dakota,3.0,1.0,2.0,0.87,0.87
2022,South Dakota State,1.0,2.0,-1.0,0.85,0.85
2022,South Florida,16.0,22.0,-6.0,12.4,5.1000000000000005
2022,Southern,2.0,0.0,2.0,0.84,0.84
2022,Southern Arkansas,1.0,0.0,1.0,0.79,0.79
2022,Southern Connecticut State,0.0,1.0,-1.0,0.0,0.0
2022,Southern Illinois,6.0,0.0,6.0,3.22,3.22
2022,Southern Miss,11.0,15.0,-4.0,8.41,4.48
2022,Southern Utah,1.0,3.0,-2.0,0.84,-0.010000000000000009
2022,Southwest Minnesota State,1.0,0.0,1.0,0.0,0.0
2022,Southwest Mississippi C.C.,1.0,0.0,1.0,0.81,0.81
2022,Southwestern Oklahoma State,1.0,0.0,1.0,0.0,0.0
2022,St. Thomas University,1.0,0.0,1.0,0.8,0.8
2022,Stanford,1.0,9.0,-8.0,0.89,-5.0600000000000005
2022,Stephen F. Austin,2.0,4.0,-2.0,1.6,0.7300000000000001
2022,Stetson,1.0,0.0,1.0,0.0,0.0
2022,Stony Brook,1.0,0.0,1.0,0.79,0.79
2022,Syracuse,9.0,18.0,-9.0,5.96,-3.9699999999999998
2022,TCU,14.0,17.0,-3.0,12.15,1.7599999999999998
2022,Tarleton State,2.0,0.0,2.0,0.84,0.84
2022,Temple,12.0,18.0,-6.0,7.5,3.33
2022,Tennessee,8.0,22.0,-14.0,4.35,-1.62
2022,Tennessee State,1.0,1.0,0.0,0.0,0.0
2022,Tennessee Tech,1.0,0.0,1.0,0.85,0.85
2022,Texas,7.0,23.0,-16.0,6.37,-5.489999999999999
2022,Texas A&M,2.0,13.0,-11.0,0.92,-5.96
2022,Texas State,15.0,8.0,7.0,4.07,0.8500000000000001
2022,Texas Tech,14.0,8.0,6.0,9.34,6.91
2022,The Citadel,1.0,1.0,0.0,0.81,0.81
2022,Tiffin University,1.0,0.0,1.0,0.8,0.8
2022,Toledo,7.0,17.0,-10.0,2.49,-4.08
2022,Towson,3.0,0.0,3.0,0.84,0.84
2022,Trinity Valley C.C.,3.0,0.0,3.0,0.79,0.79
2022,Troy,5.0,13.0,-8.0,0.84,-0.84
2022,Tulane,9.0,10.0,-1.0,5.13,1.6799999999999997
2022,Tulsa,7.0,6.0,1.0,2.54,-0.08000000000000007
2022,Tuskegee,1.0,0.0,1.0,0.0,0.0
2022,Tyler J.C. ,1.0,0.0,1.0,0.0,0.0
2022,UAB,2.0,10.0,-8.0,1.72,-1.72
2022,UAlbany,3.0,1.0,2.0,0.87,-0.06000000000000005
2022,UC Davis,1.0,3.0,-2.0,0.0,-0.87
2022,UCF,14.0,24.0,-10.0,7.99,-4.710000000000001
2022,UCLA,13.0,21.0,-8.0,10.61,0.2699999999999996
2022,UConn,9.0,20.0,-11.0,2.4699999999999998,-4.180000000000001
2022,UL Monroe,7.0,19.0,-12.0,1.5899999999999999,-7.33
2022,UNLV,8.0,18.0,-10.0,3.34,-0.7000000000000002
2022,USC,20.0,27.0,-7.0,17.1,1.7700000000000014
2022,UT Martin,4.0,2.0,2.0,0.81,-0.95
2022,UTEP,1.0,9.0,-8.0,0.79,-0.96
2022,UTSA,9.0,9.0,0.0,4.19,2.5700000000000003
2022,Utah,5.0,16.0,-11.0,4.36,-0.7799999999999994
2022,Utah State,8.0,18.0,-10.0,5.09,1.0199999999999996
2022,Utah Tech,2.0,0.0,2.0,0.84,0.84
2022,VMI,0.0,2.0,-2.0,0.0,-0.81
2022,Valdosta State,1.0,0.0,1.0,0.0,0.0
2022,Vanderbilt,6.0,20.0,-14.0,4.26,-5.0600000000000005
2022,Villanova,1.0,0.0,1.0,0.82,0.82
2022,Virginia,10.0,23.0,-13.0,5.23,-8.399999999999999
2022,Virginia Tech,5.0,17.0,-12.0,3.45,-0.7800000000000002
2022,Wagner,1.0,0.0,1.0,0.79,0.79
2022,Wake Forest,4.0,10.0,-6.0,1.7,-0.8499999999999999
2022,Washington,9.0,20.0,-11.0,6.99,-1.5199999999999996
2022,Washington State,9.0,30.0,-21.0,3.5300000000000002,-4.819999999999999
2022,Weber State,0.0,3.0,-3.0,0.0,-0.87
2022,West Florida,1.0,1.0,0.0,0.0,-0.87
2022,West Texas A&M,0.0,1.0,-1.0,0.0,0.0
2022,West Virginia,11.0,25.0,-14.0,5.18,-9.38
2022,Western Carolina,1.0,1.0,0.0,0.0,0.0
2022,Western Illinois,3.0,2.0,1.0,0.0,-0.88
2022,Western Kentucky,14.0,19.0,-5.0,7.43,-0.13000000000000078
2022,Western Michigan,5.0,8.0,-3.0,0.0,-1.62
2022,Western New Mexico,1.0,0.0,1.0,0.8,0.8
2022,Winston-Salem State,1.0,0.0,1.0,0.0,0.0
2022,Wisconsin,6.0,12.0,-6.0,5.15,-1.4900000000000002
2022,Wyoming,3.0,13.0,-10.0,1.6099999999999999,-5.370000000000001
2022,Youngstown State,1.0,0.0,1.0,0.0,0.0
2023,Abilene Christian,4.0,2.0,2.0,0.0,-0.85
2023,Air Force,0.0,8.0,-8.0,0.0,0.0
2023,Akron,4.0,12.0,-8.0,0.86,-0.82
2023,Alabama,5.0,21.0,-16.0,4.49,-10.69
2023,Alabama A&M,2.0,0.0,2.0,0.81,0.81
2023,Alabama State,1.0,1.0,0.0,0.0,0.0
2023,Alcorn State,1.0,0.0,1.0,0.0,0.0
2023,Angelo State,0.0,3.0,-3.0,0.0,-0.84
2023,App State,13.0,14.0,-1.0,0.84,-1.7000000000000002
2023,Arizona,8.0,26.0,-18.0,6.97,-1.660000000000001
2023,Arizona State,30.0,30.0,0.0,20.87,7.290000000000001
2023,Arkansas,17.0,31.0,-14.0,15.03,7.039999999999999
2023,Arkansas State,8.0,13.0,-5.0,0.0,-0.89
2023,Army,0.0,1.0,-1.0,0.0,-0.89
2023,Assumption,0.0,1.0,-1.0,0.0,0.0
2023,Auburn,21.0,21.0,0.0,16.990000000000002,10.830000000000002
2023,Austin Peay,3.0,4.0,-1.0,0.0,-2.62
2023,BYU,20.0,21.0,-1.0,14.82,8.61
2023,Ball State,10.0,10.0,0.0,0.83,-0.9600000000000001
2023,Baylor,13.0,12.0,1.0,11.370000000000001,4.3100000000000005
2023,Bethune-Cookman,3.0,0.0,3.0,0.0,0.0
2023,Blinn College,1.0,0.0,1.0,0.84,0.84
2023,Boise State,9.0,17.0,-8.0,1.72,-1.74
2023,Boston College,9.0,11.0,-2.0,7.91,4.390000000000001
2023,Bowling Green,3.0,16.0,-13.0,0.0,-3.54
2023,Bryant,0.0,1.0,-1.0,0.0,-0.85
2023,Bucknell,1.0,2.0,-1.0,0.0,0.0
2023,Buffalo,10.0,14.0,-4.0,7.529999999999999,5.85
2023,Cal Poly,4.0,3.0,1.0,0.88,-0.020000000000000018
2023,California,20.0,26.0,-6.0,14.9,7.07
2023,"California, Pa.",0.0,2.0,-2.0,0.0,-1.75
2023,Campbell,6.0,3.0,3.0,0.0,-0.86
2023,Central Arkansas,1.0,0.0,1.0,0.88,0.88
2023,Central Michigan,2.0,11.0,-9.0,0.0,-0.83
2023,Central Missouri,0.0,1.0,-1.0,0.0,0.0
2023,Central Oklahoma,1.0,0.0,1.0,0.0,0.0
2023,Central Washington,0.0,1.0,-1.0,0.0,0.0
2023,Cerritos College,1.0,0.0,1.0,0.0,0.0
2023,Charlotte,17.0,21.0,-4.0,1.72,-2.5600000000000005
2023,Cincinnati,21.0,25.0,-4.0,14.57,4.109999999999999
2023,Clemson,1.0,11.0,-10.0,0.83,-7.04
2023,Coastal Carolina,13.0,19.0,-6.0,2.61,-1.7100000000000004
2023,Coffeyville C.C.,1.0,0.0,1.0,0.0,0.0
2023,Colgate,0.0,2.0,-2.0,0.0,0.0
2023,Colorado,48.0,59.0,-11.0,41.75,14.32
2023,Colorado State,10.0,20.0,-10.0,0.88,-5.12
2023,Columbia,0.0,1.0,-1.0,0.0,0.0
2023,Copiah-Lincoln C.C.,1.0,0.0,1.0,0.0,0.0
2023,Cornell,0.0,1.0,-1.0,0.0,-0.86
2023,Dartmouth,0.0,2.0,-2.0,0.0,-1.74
2023,Davenport,1.0,0.0,1.0,0.0,0.0
2023,Dayton,0.0,1.0,-1.0,0.0,-0.87
2023,De Anza College,1.0,0.0,1.0,0.0,0.0
2023,Delaware,0.0,2.0,-2.0,0.0,0.0
2023,Duke,6.0,16.0,-10.0,5.1899999999999995,2.7499999999999996
2023,Duquesne,1.0,2.0,-1.0,0.0,-1.75
2023,East Carolina,17.0,25.0,-8.0,11.99,6.67
2023,East Mississippi C.C.,1.0,0.0,1.0,0.87,0.87
2023,East Tennessee State,2.0,3.0,-1.0,0.0,-0.9
2023,Eastern Illinois,0.0,1.0,-1.0,0.0,0.0
2023,Eastern Kentucky,1.0,1.0,0.0,0.0,0.0
2023,Eastern Michigan,5.0,10.0,-5.0,0.0,-1.76
2023,Eastern Washington,3.0,4.0,-1.0,0.0,-0.89
2023,Elon,1.0,1.0,0.0,0.0,-0.88
2023,Emporia State University,1.0,0.0,1.0,0.0,0.0
2023,Erskine College,0.0,1.0,-1.0,0.0,0.0
2023,Fayetteville State,1.0,0.0,1.0,0.0,0.0
2023,Ferris State,0.0,1.0,-1.0,0.0,-0.87
2023,Florida,12.0,25.0,-13.0,10.65,-5.029999999999999
2023,Florida A&M,5.0,1.0,4.0,0.0,0.0
2023,Florida Atlantic,12.0,18.0,-6.0,1.75,-0.8399999999999999
2023,Florida International,8.0,19.0,-11.0,0.0,-4.32
2023,Florida State,11.0,23.0,-12.0,9.18,-3.1099999999999994
2023,Fordham,1.0,1.0,0.0,0.0,-0.9
2023,Fresno State,8.0,24.0,-16.0,1.74,-3.5299999999999994
2023,Frostburg State,0.0,1.0,-1.0,0.0,-0.9
2023,Furman,0.0,2.0,-2.0,0.0,0.0
2023,Gardner-Webb,1.0,1.0,0.0,0.0,-0.86
2023,Georgetown,0.0,1.0,-1.0,0.0,0.0
2023,Georgia,4.0,15.0,-11.0,2.77,-10.68
2023,Georgia Southern,15.0,15.0,0.0,0.0,-4.3
2023,Georgia State,19.0,20.0,-1.0,6.4399999999999995,1.2199999999999998
2023,Georgia Tech,16.0,20.0,-4.0,11.27,4.319999999999999
2023,Grambling,2.0,3.0,-1.0,0.0,0.0
2023,Grand Valley State University,0.0,2.0,-2.0,0.0,-1.76
2023,Greeneville,1.0,0.0,1.0,0.0,0.0
2023,Hampton,2.0,0.0,2.0,0.0,0.0
2023,Harvard,0.0,5.0,-5.0,0.0,-3.46
2023,Hawai'i,8.0,9.0,-1.0,0.0,0.0
2023,Hillsdale College,0.0,1.0,-1.0,0.0,-0.88
2023,Holy Cross,0.0,2.0,-2.0,0.0,0.0
2023,Houston,20.0,21.0,-1.0,14.66,9.42
2023,Houston Christian,4.0,1.0,3.0,0.0,0.0
2023,Howard,0.0,1.0,-1.0,0.0,0.0
2023,Hutchinson C.C.,2.0,0.0,2.0,0.0,0.0
2023,Idaho State,1.0,2.0,-1.0,0.0,-1.74
2023,Illinois,7.0,11.0,-4.0,4.37,3.52
2023,Illinois State,2.0,0.0,2.0,0.0,0.0
2023,Incarnate Word,14.0,10.0,4.0,0.79,0.79
2023,Indiana,23.0,24.0,-1.0,16.53,9.610000000000001
2023,Indiana State,1.0,0.0,1.0,0.0,0.0
2023,Indiana Wesleyan,0.0,1.0,-1.0,0.0,-0.85
2023,Iowa,8.0,14.0,-6.0,6.21,1.7400000000000002
2023,Iowa State,2.0,12.0,-10.0,1.72,0.010000000000000009
2023,Jackson State,7.0,20.0,-13.0,0.0,-13.15
2023,Jacksonville State,2.0,0.0,2.0,0.0,0.0
2023,James Madison,5.0,4.0,1.0,0.88,-0.010000000000000009
2023,Kansas,12.0,14.0,-2.0,8.66,7.82
2023,Kansas State,6.0,15.0,-9.0,3.56,1.9100000000000001
2023,Kennesaw State,1.0,0.0,1.0,0.0,0.0
2023,Kent State,7.0,17.0,-10.0,0.0,-7.18
2023,Kentucky,12.0,21.0,-9.0,10.66,3.5999999999999996
2023,LIU Post,0.0,2.0,-2.0,0.0,-0.89
2023,LSU,14.0,21.0,-7.0,12.68,4.739999999999999
2023,Lackawanna College,1.0,0.0,1.0,0.0,0.0
2023,Lafayette,0.0,2.0,-2.0,0.0,-0.83
2023,Lamar,3.0,4.0,-1.0,0.0,0.0
2023,Lane College,0.0,1.0,-1.0,0.0,0.0
2023,Laney College,1.0,0.0,1.0,0.0,0.0
2023,Lehigh,0.0,3.0,-3.0,0.0,0.0
2023,Lenoir-Rhyne,0.0,1.0,-1.0,0.0,0.0
2023,Liberty,13.0,14.0,-1.0,0.0,-5.18
2023,Lindenwood University,1.0,0.0,1.0,0.0,0.0
2023,Louisiana,1.0,7.0,-6.0,0.0,-1.77
2023,Louisiana Tech,19.0,23.0,-4.0,2.63,0.8599999999999999
2023,Louisville,26.0,25.0,1.0,21.88,10.739999999999998
2023,Maine,1.0,4.0,-3.0,0.0,-2.59
2023,Marshall,11.0,14.0,-3.0,0.86,-1.6600000000000001
2023,Maryland,10.0,22.0,-12.0,8.03,2.6999999999999993
2023,Massachusetts,21.0,19.0,2.0,11.48,7.220000000000001
2023,McNeese,2.0,1.0,1.0,0.0,0.0
2023,Memphis,19.0,26.0,-7.0,1.72,-3.5300000000000002
2023,Mercer,2.0,0.0,2.0,0.0,0.0
2023,Merrimack,1.0,1.0,0.0,0.0,0.0
2023,Miami,15.0,24.0,-9.0,10.83,-2.369999999999999
2023,Miami (OH),4.0,11.0,-7.0,0.89,-3.5100000000000002
2023,Michigan,9.0,13.0,-4.0,8.06,1.0200000000000005
2023,Michigan State,14.0,17.0,-3.0,11.99,5.03
2023,Middle Tennessee,9.0,8.0,1.0,0.0,-1.77
2023,Minnesota,10.0,18.0,-8.0,8.66,0.8500000000000005
2023,Mississippi State,13.0,27.0,-14.0,9.57,3.3900000000000006
2023,Mississippi Valley State,2.0,0.0,2.0,0.0,0.0
2023,Missouri,8.0,20.0,-12.0,7.08,1.79
2023,Missouri State,4.0,7.0,-3.0,0.0,-2.58
2023,Monash University,0.0,1.0,-1.0,0.0,0.0
2023,Monmouth,1.0,2.0,-1.0,0.0,-0.88
2023,Montana,3.0,0.0,3.0,0.0,0.0
2023,Montana State,3.0,1.0,2.0,0.0,-0.8
2023,Morgan State,2.0,0.0,2.0,0.0,0.0
2023,NC State,6.0,12.0,-6.0,4.37,-0.1200000000000001
2023,NEWBERG,0.0,1.0,-1.0,0.0,-0.87
2023,Navarro College,1.0,0.0,1.0,0.0,0.0
2023,Navy,0.0,3.0,-3.0,0.0,-0.77
2023,Nebraska,13.0,28.0,-15.0,9.67,3.46
2023,Nevada,13.0,13.0,0.0,1.75,-0.030000000000000027
2023,New Haven,1.0,0.0,1.0,0.0,0.0
2023,New Mexico,14.0,17.0,-3.0,0.85,-0.87
2023,New Mexico State,7.0,7.0,0.0,0.0,-0.81
2023,Newberry,0.0,1.0,-1.0,0.0,-0.88
2023,Norfolk State,0.0,4.0,-4.0,0.0,-1.78
2023,North Alabama,3.0,1.0,2.0,0.0,-0.88
2023,North Carolina,10.0,18.0,-8.0,7.92,1.0099999999999998
2023,North Carolina A&T,2.0,4.0,-2.0,0.0,-3.48
2023,North Carolina Central,2.0,1.0,1.0,0.0,-0.88
2023,North Dakota State,2.0,3.0,-1.0,0.0,-0.88
2023,North Texas,10.0,15.0,-5.0,0.0,-6.15
2023,Northern Arizona,5.0,2.0,3.0,0.0,-0.85
2023,Northern Colorado,2.0,1.0,1.0,0.0,0.0
2023,Northern Illinois,4.0,11.0,-7.0,0.0,-3.43
2023,Northern Iowa,4.0,0.0,4.0,0.0,0.0
2023,Northern Michigan,1.0,1.0,0.0,0.0,0.0
2023,Northern State,0.0,1.0,-1.0,0.0,0.0
2023,Northwestern,3.0,8.0,-5.0,2.61,0.0
2023,Northwestern State,1.0,1.0,0.0,0.0,-0.88
2023,Notre Dame,7.0,11.0,-4.0,6.19,-1.79
2023,Notre Dame College,1.0,2.0,-1.0,0.0,-0.83
2023,Ohio,4.0,6.0,-2.0,0.0,-1.65
2023,Ohio State,8.0,9.0,-1.0,6.29,0.13999999999999968
2023,Oklahoma,18.0,27.0,-9.0,14.24,6.34
2023,Oklahoma State,13.0,19.0,-6.0,11.43,1.5899999999999999
2023,Old Dominion,6.0,20.0,-14.0,0.0,-6.07
2023,Ole Miss,25.0,38.0,-13.0,16.85,4.510000000000002
2023,Oregon,15.0,34.0,-19.0,12.52,-0.7800000000000011
2023,Oregon State,7.0,9.0,-2.0,4.42,0.96
2023,Palomar College,1.0,0.0,1.0,0.0,0.0
2023,Penn State,6.0,14.0,-8.0,4.39,-1.7400000000000002
2023,Pennsylvania,0.0,7.0,-7.0,0.0,-3.48
2023,Pittsburg St,0.0,1.0,-1.0,0.0,0.0
2023,Pittsburgh,7.0,13.0,-6.0,5.27,2.76
2023,Portland State,4.0,0.0,4.0,0.0,0.0
2023,Prairie View A&M,0.0,1.0,-1.0,0.0,0.0
2023,Presbyterian,0.0,1.0,-1.0,0.0,0.0
2023,Princeton,0.0,1.0,-1.0,0.0,0.0
2023,Professional,2.0,0.0,2.0,1.77,1.77
2023,Purdue,15.0,26.0,-11.0,9.63,3.4300000000000006
2023,Rhode Island,4.0,3.0,1.0,0.0,-1.81
2023,Rice,5.0,4.0,1.0,0.0,-1.69
2023,Richmond,0.0,5.0,-5.0,0.0,-1.68
2023,Riverside C.C.,1.0,0.0,1.0,0.0,0.0
2023,Robert Morris,3.0,1.0,2.0,0.0,0.0
2023,Rutgers,7.0,12.0,-5.0,5.28,3.5700000000000003
2023,SE Louisiana,2.0,3.0,-1.0,0.0,-1.82
2023,SMU,26.0,23.0,3.0,22.68,20.89
2023,Sacramento State,1.0,5.0,-4.0,0.0,-0.88
2023,Sacred Heart,0.0,2.0,-2.0,0.0,0.0
2023,Saginaw Valley State,0.0,2.0,-2.0,0.0,-0.87
2023,Saint Francis (PA),0.0,5.0,-5.0,0.0,-0.87
2023,Sam Houston,5.0,1.0,4.0,0.0,0.0
2023,Samford,1.0,0.0,1.0,0.0,0.0
2023,San Diego,0.0,1.0,-1.0,0.0,0.0
2023,San Diego State,5.0,13.0,-8.0,2.64,-0.06000000000000005
2023,San José State,7.0,9.0,-2.0,0.0,-1.74
2023,Shorter,0.0,1.0,-1.0,0.0,-0.92
2023,Sioux Falls,0.0,1.0,-1.0,0.0,-0.85
2023,Snow College,1.0,0.0,1.0,0.0,0.0
2023,South Alabama,9.0,4.0,5.0,2.55,2.55
2023,South Carolina,10.0,17.0,-7.0,7.96,1.6500000000000004
2023,South Carolina State,0.0,1.0,-1.0,0.0,-0.89
2023,South Dakota,0.0,2.0,-2.0,0.0,0.0
2023,South Dakota State,1.0,1.0,0.0,0.0,0.0
2023,South Florida,19.0,26.0,-7.0,0.86,-6.909999999999999
2023,Southeast Missouri State,0.0,3.0,-3.0,0.0,-1.69
2023,Southern,0.0,1.0,-1.0,0.0,-0.84
2023,Southern Illinois,2.0,2.0,0.0,0.0,0.0
2023,Southern Miss,8.0,6.0,2.0,0.0,0.0
2023,Southern Utah,1.0,5.0,-4.0,0.0,-2.57
2023,St. Thomas,1.0,0.0,1.0,0.0,0.0
2023,Stanford,4.0,21.0,-17.0,2.56,-10.54
2023,Stephen F. Austin,3.0,2.0,1.0,0.0,0.0
2023,Stony Brook,7.0,2.0,5.0,0.0,0.0
2023,Syracuse,9.0,15.0,-6.0,5.21,1.5899999999999999
2023,TCU,13.0,17.0,-4.0,11.48,6.2
2023,Tarleton State,2.0,2.0,0.0,0.0,0.0
2023,Temple,11.0,28.0,-17.0,0.89,-1.6599999999999997
2023,Tennessee,8.0,22.0,-14.0,7.05,0.8700000000000001
2023,Tennessee State,1.0,1.0,0.0,0.0,-0.88
2023,Texas,5.0,20.0,-15.0,4.51,-8.58
2023,Texas A&M,13.0,32.0,-19.0,9.63,-8.179999999999998
2023,Texas Southern,2.0,1.0,1.0,0.0,-0.84
2023,Texas State,37.0,24.0,13.0,4.27,-1.0100000000000007
2023,Texas Tech,7.0,18.0,-11.0,5.28,1.79
2023,Toledo,3.0,9.0,-6.0,0.0,-0.85
2023,Towson,1.0,1.0,0.0,0.0,0.0
2023,Troy,8.0,9.0,-1.0,0.89,0.010000000000000009
2023,Tulane,7.0,11.0,-4.0,1.74,-0.8699999999999999
2023,Tulsa,8.0,11.0,-3.0,0.89,-2.68
2023,UAB,7.0,13.0,-6.0,0.0,-0.89
2023,UAlbany,1.0,1.0,0.0,0.0,0.0
2023,UC Davis,0.0,1.0,-1.0,0.0,-0.9
2023,UCF,18.0,19.0,-1.0,14.67,8.44
2023,UCLA,14.0,7.0,7.0,12.43,10.79
2023,UConn,12.0,10.0,2.0,0.0,-2.52
2023,UL Monroe,7.0,21.0,-14.0,0.86,-2.6
2023,UNLV,9.0,18.0,-9.0,0.0,-6.98
2023,USC,16.0,21.0,-5.0,12.61,3.8999999999999986
2023,UT Martin,1.0,1.0,0.0,0.0,0.0
2023,UTEP,2.0,5.0,-3.0,0.0,-1.76
2023,UTSA,8.0,13.0,-5.0,1.65,0.7399999999999999
2023,Utah,9.0,19.0,-10.0,7.0,4.41
2023,Utah State,7.0,21.0,-14.0,0.85,-5.2
2023,Utah Tech,0.0,5.0,-5.0,0.0,-0.88
2023,VMI,0.0,3.0,-3.0,0.0,-0.87
2023,Valdosta State,2.0,0.0,2.0,0.0,0.0
2023,Vanderbilt,3.0,13.0,-10.0,1.7,-1.82
2023,Villanova,0.0,2.0,-2.0,0.0,-0.85
2023,Virginia,8.0,14.0,-6.0,6.95,0.6600000000000001
2023,Virginia Tech,9.0,21.0,-12.0,7.95,6.15
2023,Wagner,1.0,2.0,-1.0,0.0,0.0
2023,Wake Forest,3.0,11.0,-8.0,2.6,-1.0299999999999998
2023,Washington,10.0,22.0,-12.0,7.09,2.71
2023,Washington State,9.0,36.0,-27.0,6.01,0.7299999999999995
2023,Weber State,2.0,5.0,-3.0,0.0,-2.61
2023,West Liberty,0.0,1.0,-1.0,0.0,0.0
2023,West Virginia,14.0,22.0,-8.0,10.46,4.330000000000001
2023,Western Carolina,1.0,2.0,-1.0,0.0,-0.89
2023,Western Illinois,0.0,3.0,-3.0,0.0,-1.76
2023,Western Kentucky,12.0,20.0,-8.0,0.9,-7.73
2023,Western Michigan,6.0,10.0,-4.0,0.86,-4.52
2023,Wingate,0.0,1.0,-1.0,0.0,0.0
2023,Wisconsin,14.0,19.0,-5.0,12.23,5.28
2023,Wofford,0.0,3.0,-3.0,0.0,0.0
2023,Wyoming,3.0,16.0,-13.0,0.0,-3.54
2023,Yale,0.0,1.0,-1.0,0.0,-0.84
2024,Abilene Christian,13.0,2.0,11.0,0.0,0.0
2024,Air Force,0.0,11.0,-11.0,0.0,-0.86
2024,Akron,15.0,22.0,-7.0,9.27,1.6999999999999993
2024,Alabama,14.0,38.0,-24.0,12.61,-12.66
2024,Alabama A&M,9.0,0.0,9.0,0.0,0.0
2024,Alabama State,3.0,5.0,-2.0,0.0,-3.42
2024,Albany State,3.0,0.0,3.0,0.0,0.0
2024,Alcorn State,1.0,1.0,0.0,0.0,-0.84
2024,Anderson,0.0,1.0,-1.0,0.0,0.0
2024,Angelo State,0.0,1.0,-1.0,0.0,-0.84
2024,App State,15.0,21.0,-6.0,12.59,9.21
2024,Arizona,24.0,31.0,-7.0,19.83,1.5
2024,Arizona State,28.0,28.0,0.0,22.53,6.940000000000001
2024,Arkansas,22.0,31.0,-9.0,17.39,-2.469999999999999
2024,Arkansas State,17.0,21.0,-4.0,13.35,9.16
2024,Arkansas-Pine Bluff,3.0,3.0,0.0,0.0,-2.51
2024,Army,0.0,9.0,-9.0,0.0,-1.71
2024,Auburn,15.0,23.0,-8.0,12.31,-1.4399999999999995
2024,Augustana,1.0,0.0,1.0,0.0,0.0
2024,Aurora University,1.0,0.0,1.0,0.0,0.0
2024,Austin Peay,17.0,19.0,-2.0,0.0,-13.43
2024,BYU,9.0,17.0,-8.0,6.89,2.66
2024,Ball State,11.0,16.0,-5.0,8.27,1.3899999999999997
2024,Barton C.C.,1.0,0.0,1.0,0.0,0.0
2024,Baylor,16.0,15.0,1.0,13.89,7.9
2024,Benedict College,1.0,1.0,0.0,0.0,-0.8
2024,Bethune-Cookman,9.0,1.0,8.0,0.86,0.010000000000000009
2024,Boise State,8.0,14.0,-6.0,6.79,3.41
2024,Boston College,10.0,17.0,-7.0,8.71,1.1100000000000012
2024,Bowie State,1.0,0.0,1.0,0.0,0.0
2024,Bowling Green,13.0,15.0,-2.0,8.37,5.729999999999999
2024,Brown,0.0,3.0,-3.0,0.0,-0.82
2024,Bryant,7.0,2.0,5.0,0.0,-1.72
2024,Bucknell,2.0,3.0,-1.0,0.0,-2.51
2024,Buffalo,17.0,17.0,0.0,7.43,1.4100000000000001
2024,Butler,2.0,0.0,2.0,0.0,0.0
2024,Butler C.C.,2.0,0.0,2.0,0.0,0.0
2024,CSU-Pueblo,1.0,0.0,1.0,0.0,0.0
2024,Cal Poly,2.0,2.0,0.0,0.0,-1.75
2024,California,23.0,23.0,0.0,19.94,7.160000000000002
2024,Campbell,7.0,7.0,0.0,0.0,-2.49
2024,Carroll College,1.0,0.0,1.0,0.0,0.0
2024,Carson-Newman College,1.0,0.0,1.0,0.0,0.0
2024,Central Arkansas,1.0,2.0,-1.0,0.0,-1.74
2024,Central Connecticut,2.0,0.0,2.0,0.0,0.0
2024,Central Michigan,6.0,16.0,-10.0,3.33,-1.7699999999999996
2024,Central Missouri,1.0,0.0,1.0,0.0,0.0
2024,Central Oklahoma,2.0,1.0,1.0,0.0,-0.85
2024,Central Washington,1.0,0.0,1.0,0.0,0.0
2024,Charleston Southern,0.0,2.0,-2.0,0.0,-1.7
2024,Charlotte,28.0,30.0,-2.0,20.3,14.31
2024,Chattanooga,4.0,2.0,2.0,0.84,0.010000000000000009
2024,Chowan,0.0,1.0,-1.0,0.0,-0.81
2024,Cincinnati,24.0,32.0,-8.0,19.03,3.870000000000001
2024,Clemson,0.0,11.0,-11.0,0.0,-7.92
2024,Coastal Carolina,18.0,29.0,-11.0,10.1,0.10999999999999943
2024,Coffeyville C.C.,3.0,0.0,3.0,0.0,0.0
2024,Colgate,0.0,1.0,-1.0,0.0,-0.85
2024,Colorado,41.0,41.0,0.0,34.07,10.060000000000002
2024,Colorado Mesa,1.0,0.0,1.0,0.0,0.0
2024,Colorado School Of Mines,1.0,0.0,1.0,0.0,0.0
2024,Colorado State,11.0,19.0,-8.0,5.06,0.7599999999999998
2024,Columbia,1.0,2.0,-1.0,0.0,-1.6600000000000001
2024,Concordia University,1.0,0.0,1.0,0.0,0.0
2024,Copiah-Lincoln C.C.,1.0,0.0,1.0,0.0,0.0
2024,Cornell,0.0,5.0,-5.0,0.0,-2.55
2024,Dartmouth,0.0,5.0,-5.0,0.0,-3.36
2024,Davenport,1.0,1.0,0.0,0.0,-0.8
2024,Delaware,7.0,1.0,6.0,0.0,0.0
2024,Delaware State,4.0,1.0,3.0,0.0,-0.81
2024,Delta State,1.0,1.0,0.0,0.0,-0.82
2024,Des Moines,1.0,0.0,1.0,0.0,0.0
2024,Duke,18.0,21.0,-3.0,13.79,6.719999999999999
2024,Duquesne,3.0,2.0,1.0,0.0,-1.7
2024,East Carolina,17.0,33.0,-16.0,13.58,4.32
2024,East Central (OK),1.0,0.0,1.0,0.0,0.0
2024,East Mississippi C.C.,3.0,0.0,3.0,0.88,0.88
2024,East Tennessee State,6.0,3.0,3.0,0.85,0.0
2024,Eastern Illinois,3.0,2.0,1.0,0.85,-0.84
2024,Eastern Kentucky,3.0,4.0,-1.0,0.84,-2.56
2024,Eastern Michigan,21.0,24.0,-3.0,15.879999999999999,7.399999999999999
2024,Eastern New Mexico,1.0,1.0,0.0,0.0,-0.84
2024,Eastern Washington,5.0,3.0,2.0,0.86,-0.83
2024,Edinboro University,1.0,0.0,1.0,0.0,0.0
2024,Edward Waters,1.0,0.0,1.0,0.0,0.0
2024,El Camino College,1.0,0.0,1.0,0.0,0.0
2024,Elon,3.0,5.0,-2.0,0.0,-1.76
2024,Exeter,0.0,1.0,-1.0,0.0,0.0
2024,Fairmont State,0.0,2.0,-2.0,0.0,-0.88
2024,Ferris State,1.0,0.0,1.0,0.0,0.0
2024,Findlay,2.0,0.0,2.0,0.0,0.0
2024,Florida,15.0,23.0,-8.0,13.39,-2.3999999999999986
2024,Florida A&M,24.0,9.0,15.0,1.69,-3.47
2024,Florida Atlantic,20.0,34.0,-14.0,14.26,4.0
2024,Florida International,10.0,16.0,-6.0,7.47,3.16
2024,Florida State,17.0,19.0,-2.0,15.19,1.4399999999999995
2024,Fordham,0.0,1.0,-1.0,0.0,-0.84
2024,Fort Hays State,0.0,1.0,-1.0,0.0,0.0
2024,Franklin College,0.0,1.0,-1.0,0.0,-0.88
2024,Fresno State,7.0,11.0,-4.0,6.0,3.44
2024,Furman,2.0,6.0,-4.0,0.0,-3.35
2024,Gannon,0.0,2.0,-2.0,0.0,-1.73
2024,Garden City C.C. ,6.0,0.0,6.0,0.0,0.0
2024,Gardner-Webb,12.0,7.0,5.0,0.0,-4.26
2024,Georgetown,1.0,3.0,-2.0,0.0,-1.71
2024,Georgia,11.0,26.0,-15.0,8.15,-10.63
2024,Georgia Southern,12.0,19.0,-7.0,6.66,4.12
2024,Georgia State,31.0,34.0,-3.0,23.189999999999998,15.499999999999998
2024,Georgia Tech,12.0,33.0,-21.0,9.5,-6.609999999999999
2024,Grambling,10.0,12.0,-2.0,0.83,-6.01
2024,Grand Valley State University,2.0,3.0,-1.0,0.0,-1.72
2024,Greeneville,0.0,2.0,-2.0,0.0,-0.81
2024,Hampton,6.0,1.0,5.0,0.0,0.0
2024,Harvard,0.0,9.0,-9.0,0.0,-5.9399999999999995
2024,Hawai'i,6.0,11.0,-5.0,3.4,2.53
2024,Heidelberg,0.0,1.0,-1.0,0.0,0.0
2024,Highland C.C.,1.0,0.0,1.0,0.83,0.83
2024,Hillsdale College,1.0,3.0,-2.0,0.0,-0.83
2024,Holy Cross,0.0,8.0,-8.0,0.0,-5.92
2024,Hope ,0.0,1.0,-1.0,0.0,-0.82
2024,Houston,27.0,34.0,-7.0,23.34,4.43
2024,Houston Christian,4.0,4.0,0.0,0.0,-0.85
2024,Howard,4.0,1.0,3.0,0.0,-0.85
2024,Idaho,2.0,8.0,-6.0,0.0,-5.23
2024,Idaho State,5.0,2.0,3.0,0.0,-1.71
2024,Illinois,12.0,24.0,-12.0,9.53,-0.6600000000000001
2024,Illinois State,4.0,1.0,3.0,0.0,0.0
2024,Incarnate Word,11.0,1.0,10.0,1.6600000000000001,0.7900000000000001
2024,Independence C.C.,1.0,0.0,1.0,0.0,0.0
2024,Indiana,30.0,42.0,-12.0,23.41,-2.4299999999999997
2024,Indiana State,4.0,5.0,-1.0,0.0,-1.68
2024,Indianapolis,0.0,1.0,-1.0,0.0,-0.82
2024,Iowa,4.0,12.0,-8.0,2.56,-4.26
2024,Iowa Central C.C.,1.0,0.0,1.0,0.0,0.0
2024,Iowa State,8.0,21.0,-13.0,6.06,-1.58
2024,Iowa Western C.C.,2.0,0.0,2.0,0.0,0.0
2024,Itawamba C.C.,1.0,0.0,1.0,0.0,0.0
2024,Jackson State,12.0,4.0,8.0,0.84,-0.010000000000000009
2024,Jacksonville State,19.0,14.0,5.0,10.81,1.5500000000000007
2024,James Madison,26.0,23.0,3.0,14.3,0.5300000000000011
2024,Johns Hopkins University,0.0,1.0,-1.0,0.0,-0.87
2024,Johnson C. Smith University,1.0,0.0,1.0,0.0,0.0
2024,Kansas,11.0,13.0,-2.0,8.71,5.290000000000001
2024,Kansas State,10.0,17.0,-7.0,6.97,-1.6599999999999993
2024,Kennesaw State,10.0,3.0,7.0,6.51,4.0
2024,Kent State,16.0,17.0,-1.0,11.5,6.37
2024,Kentucky,12.0,23.0,-11.0,9.7,-0.5800000000000001
2024,Kilgore J.C.,2.0,0.0,2.0,0.0,0.0
2024,LIU Post,0.0,1.0,-1.0,0.0,-0.84
2024,LSU,10.0,27.0,-17.0,7.98,-11.259999999999998
2024,Lafayette,1.0,2.0,-1.0,0.0,-0.87
2024,Lake Erie,1.0,0.0,1.0,0.0,0.0
2024,Lamar,5.0,0.0,5.0,0.0,0.0
2024,Lehigh,0.0,1.0,-1.0,0.0,-0.82
2024,Lenoir-Rhyne,2.0,1.0,1.0,0.0,0.0
2024,Liberty,18.0,18.0,0.0,12.49,3.8100000000000005
2024,Limestone College,0.0,2.0,-2.0,0.0,-0.82
2024,Lindenwood,3.0,0.0,3.0,0.0,0.0
2024,Long Beach City College,1.0,0.0,1.0,0.0,0.0
2024,Louisiana,7.0,6.0,1.0,4.27,2.4999999999999996
2024,Louisiana Tech,12.0,22.0,-10.0,7.59,-0.020000000000000462
2024,Louisville,28.0,29.0,-1.0,23.63,1.4100000000000001
2024,Maine,3.0,5.0,-2.0,0.0,-3.35
2024,Marist,1.0,1.0,0.0,0.0,0.0
2024,Marshall,28.0,33.0,-5.0,17.74,7.519999999999998
2024,Maryland,8.0,13.0,-5.0,5.21,-1.7599999999999998
2024,Massachusetts,29.0,23.0,6.0,18.38,11.68
2024,McNeese,12.0,1.0,11.0,1.7,1.7
2024,Memphis,30.0,24.0,6.0,22.96,16.16
2024,Mercer,7.0,2.0,5.0,0.84,-0.010000000000000009
2024,Merrimack,0.0,2.0,-2.0,0.0,-1.68
2024,Miami,14.0,28.0,-14.0,12.46,-7.699999999999999
2024,Miami (OH),5.0,11.0,-6.0,1.67,-1.8600000000000003
2024,Michigan,7.0,17.0,-10.0,6.1,-5.300000000000001
2024,Michigan State,24.0,46.0,-22.0,19.25,-3.2699999999999996
2024,Middle Tennessee,12.0,30.0,-18.0,6.68,-2.790000000000001
2024,Minnesota,12.0,18.0,-6.0,10.48,4.590000000000001
2024,Minnesota Duluth,1.0,0.0,1.0,0.0,0.0
2024,Mississippi State,18.0,27.0,-9.0,14.709999999999999,-2.610000000000001
2024,Mississippi Valley State,0.0,3.0,-3.0,0.0,-0.83
2024,Missouri,15.0,19.0,-4.0,12.45,0.6899999999999995
2024,Missouri S&T,1.0,0.0,1.0,0.0,0.0
2024,Missouri Southern State,1.0,0.0,1.0,0.0,0.0
2024,Missouri State,7.0,2.0,5.0,0.85,-0.85
2024,Missouri Western State,1.0,0.0,1.0,0.0,0.0
2024,Monmouth,3.0,4.0,-1.0,0.0,-2.5300000000000002
2024,Montana,9.0,3.0,6.0,1.68,1.68
2024,Montana State,3.0,4.0,-1.0,0.0,-3.45
2024,Morehead State,1.0,0.0,1.0,0.0,0.0
2024,Morgan State,3.0,0.0,3.0,0.0,0.0
2024,Muhlenberg,0.0,1.0,-1.0,0.0,-0.87
2024,Murray State,14.0,2.0,12.0,0.0,-1.73
2024,NC State,15.0,23.0,-8.0,13.25,0.4800000000000004
2024,Navarro College,2.0,0.0,2.0,0.85,0.85
2024,Navy,0.0,6.0,-6.0,0.0,-1.73
2024,Nebraska,8.0,10.0,-2.0,6.2,-0.5699999999999994
2024,Nebraska Kearney,1.0,0.0,1.0,0.0,0.0
2024,Nevada,22.0,23.0,-1.0,14.24,8.29
2024,New Hampshire,0.0,2.0,-2.0,0.0,-1.74
2024,New Mexico,28.0,26.0,2.0,17.419999999999998,4.829999999999998
2024,New Mexico State,13.0,40.0,-27.0,5.88,-13.84
2024,Newberry,0.0,2.0,-2.0,0.0,-0.83
2024,Nicholls,2.0,1.0,1.0,0.0,-0.86
2024,Norfolk State,2.0,1.0,1.0,0.0,-0.82
2024,North Alabama,8.0,1.0,7.0,0.0,-0.84
2024,North Carolina,10.0,23.0,-13.0,8.66,-4.199999999999999
2024,North Carolina A&T,3.0,1.0,2.0,0.0,-0.86
2024,North Carolina Central,5.0,4.0,1.0,0.0,-2.56
2024,North Dakota,2.0,6.0,-4.0,0.0,-4.31
2024,North Dakota State,2.0,2.0,0.0,0.0,-1.73
2024,North Texas,25.0,36.0,-11.0,15.959999999999999,3.969999999999999
2024,Northern Arizona,9.0,9.0,0.0,0.0,-2.54
2024,Northern Colorado,1.0,5.0,-4.0,0.0,-3.33
2024,Northern Illinois,6.0,19.0,-13.0,5.029999999999999,0.8399999999999999
2024,Northern Iowa,4.0,3.0,1.0,0.83,-0.88
2024,Northern State,1.0,0.0,1.0,0.0,0.0
2024,Northwest Missouri St,1.0,2.0,-1.0,0.0,-0.89
2024,Northwestern,6.0,12.0,-6.0,5.07,-2.6899999999999995
2024,Northwestern State,3.0,3.0,0.0,0.0,-0.82
2024,Notre Dame,9.0,18.0,-9.0,7.11,-6.89
2024,Notre Dame College,0.0,4.0,-4.0,0.0,-0.83
2024,Ohio,21.0,26.0,-5.0,9.9,-1.42
2024,Ohio Dominican,0.0,1.0,-1.0,0.0,-0.86
2024,Ohio State,7.0,26.0,-19.0,6.5,-13.649999999999999
2024,Oklahoma,16.0,25.0,-9.0,11.5,-5.859999999999999
2024,Oklahoma State,8.0,11.0,-3.0,6.95,1.0499999999999998
2024,Old Dominion,15.0,32.0,-17.0,8.39,-2.83
2024,Ole Miss,25.0,24.0,1.0,22.18,6.710000000000001
2024,Oregon,14.0,20.0,-6.0,11.76,-2.09
2024,Oregon State,16.0,25.0,-9.0,13.77,2.1799999999999997
2024,Penn State,6.0,13.0,-7.0,4.49,-2.55
2024,Pennsylvania,1.0,5.0,-4.0,0.0,-3.42
2024,Pikeville,1.0,0.0,1.0,0.0,0.0
2024,Pittsburg St,1.0,0.0,1.0,0.0,0.0
2024,Pittsburgh,14.0,22.0,-8.0,11.25,4.26
2024,Portland State,8.0,4.0,4.0,0.0,-2.53
2024,Prairie View A&M,4.0,1.0,3.0,0.0,-0.82
2024,Presbyterian,1.0,0.0,1.0,0.0,0.0
2024,Princeton,0.0,3.0,-3.0,0.0,-2.62
2024,Purdue,18.0,28.0,-10.0,13.95,-2.280000000000001
2024,Rhode Island,5.0,2.0,3.0,0.0,-1.67
2024,Rice,10.0,3.0,7.0,6.65,4.08
2024,Richmond,0.0,3.0,-3.0,0.0,-1.7
2024,Robert Morris,1.0,2.0,-1.0,0.0,-0.85
2024,Rutgers,6.0,15.0,-9.0,4.28,-0.79
2024,SE Louisiana,1.0,4.0,-3.0,0.0,-0.9
2024,SMU,20.0,16.0,4.0,16.54,10.62
2024,Sacramento State,8.0,3.0,5.0,0.0,-1.73
2024,Sacred Heart,2.0,1.0,1.0,0.0,0.0
2024,Saginaw Valley State,1.0,0.0,1.0,0.84,0.84
2024,Saint Anselm,0.0,2.0,-2.0,0.0,-1.66
2024,Saint Francis,1.0,0.0,1.0,0.0,0.0
2024,Saint Francis (PA),1.0,3.0,-2.0,0.0,-2.5300000000000002
2024,Sam Houston,12.0,5.0,7.0,4.17,2.49
2024,Samford,7.0,3.0,4.0,0.0,-2.54
2024,San Diego,3.0,2.0,1.0,0.0,0.0
2024,San Diego State,24.0,36.0,-12.0,18.689999999999998,6.469999999999997
2024,San José State,14.0,27.0,-13.0,5.79,-6.28
2024,Savannah St,0.0,1.0,-1.0,0.0,-0.8
2024,Shaw,0.0,1.0,-1.0,0.0,-0.8
2024,Shepherd,0.0,1.0,-1.0,0.0,-0.84
2024,Shippensburg University,0.0,2.0,-2.0,0.0,-1.67
2024,Shorter,0.0,1.0,-1.0,0.0,-0.87
2024,Slippery Rock,1.0,0.0,1.0,0.0,0.0
2024,South Alabama,15.0,16.0,-1.0,6.609999999999999,1.3199999999999994
2024,South Carolina,22.0,26.0,-4.0,17.59,3.8599999999999994
2024,South Carolina State,1.0,2.0,-1.0,0.0,-1.71
2024,South Dakota,3.0,0.0,3.0,0.0,0.0
2024,South Dakota State,2.0,0.0,2.0,0.84,0.84
2024,South Florida,14.0,21.0,-7.0,6.76,1.7000000000000002
2024,Southeast Missouri State,3.0,2.0,1.0,0.0,-1.68
2024,Southeast Oklahoma State,1.0,0.0,1.0,0.0,0.0
2024,Southern,4.0,2.0,2.0,0.0,-1.6800000000000002
2024,Southern Illinois,6.0,4.0,2.0,0.87,-1.6999999999999997
2024,Southern Miss,17.0,7.0,10.0,14.39,12.690000000000001
2024,Southern Utah,4.0,1.0,3.0,0.0,-0.86
2024,Southwestern College,1.0,0.0,1.0,0.0,0.0
2024,St. Thomas,0.0,1.0,-1.0,0.0,-0.83
2024,Stanford,4.0,14.0,-10.0,2.58,-2.6399999999999997
2024,Stephen F. Austin,15.0,3.0,12.0,4.18,1.67
2024,Stetson,2.0,1.0,1.0,0.0,-0.82
2024,Stony Brook,1.0,1.0,0.0,0.0,-0.83
2024,Syracuse,19.0,29.0,-10.0,15.69,1.3100000000000005
2024,TCU,23.0,20.0,3.0,19.18,8.91
2024,Tarleton State,2.0,2.0,0.0,0.0,-1.68
2024,Taylor,1.0,0.0,1.0,0.0,0.0
2024,Temple,15.0,31.0,-16.0,10.09,5.85
2024,Tennessee,9.0,16.0,-7.0,7.17,-2.4000000000000004
2024,Tennessee State,11.0,7.0,4.0,0.0,-4.22
2024,Tennessee Tech,7.0,4.0,3.0,0.0,-2.55
2024,Texas,10.0,25.0,-15.0,9.09,-10.07
2024,Texas A&M,26.0,32.0,-6.0,20.41,-2.4800000000000004
2024,Texas Southern,6.0,2.0,4.0,0.0,-1.69
2024,Texas State,30.0,22.0,8.0,19.41,12.57
2024,Texas Tech,16.0,24.0,-8.0,13.06,-0.5599999999999987
2024,Texas-Permian Basin,0.0,1.0,-1.0,0.0,-0.82
2024,The Citadel,1.0,0.0,1.0,0.0,0.0
2024,Tiffin University,2.0,3.0,-1.0,0.0,-1.74
2024,Toledo,7.0,11.0,-4.0,5.859999999999999,3.1899999999999995
2024,Towson,3.0,2.0,1.0,0.0,-1.61
2024,Trinity Valley C.C.,3.0,0.0,3.0,0.0,0.0
2024,Troy,10.0,23.0,-13.0,5.89,-4.2299999999999995
2024,Tufts University,0.0,1.0,-1.0,0.0,-0.89
2024,Tulane,22.0,26.0,-4.0,14.62,7.659999999999999
2024,Tulsa,12.0,24.0,-12.0,8.39,-0.9199999999999999
2024,Tuskegee,0.0,1.0,-1.0,0.0,-0.88
2024,Tyler J.C. ,1.0,0.0,1.0,0.0,0.0
2024,UAB,19.0,21.0,-2.0,10.02,4.17
2024,UAlbany,7.0,4.0,3.0,0.0,-3.5
2024,UC Davis,1.0,2.0,-1.0,0.0,-1.75
2024,UCF,25.0,26.0,-1.0,20.91,8.15
2024,UCLA,21.0,20.0,1.0,13.83,0.8399999999999999
2024,UConn,24.0,20.0,4.0,16.759999999999998,9.099999999999998
2024,UL Monroe,16.0,25.0,-9.0,10.66,0.5600000000000005
2024,UNLV,19.0,19.0,0.0,12.7,4.1899999999999995
2024,USC,16.0,29.0,-13.0,12.34,-8.75
2024,UT Martin,11.0,5.0,6.0,0.0,-3.4699999999999998
2024,UTEP,27.0,38.0,-11.0,18.31,6.409999999999998
2024,UTSA,15.0,12.0,3.0,11.04,8.36
2024,University of Guelph,0.0,1.0,-1.0,0.0,-0.89
2024,Utah,11.0,24.0,-13.0,9.71,-0.6399999999999988
2024,Utah State,20.0,26.0,-6.0,11.69,4.01
2024,Utah Tech,8.0,4.0,4.0,1.6099999999999999,-0.8999999999999999
2024,VMI,0.0,4.0,-4.0,0.0,-2.51
2024,Valdosta State,3.0,2.0,1.0,0.0,-1.67
2024,Valparaiso,0.0,1.0,-1.0,0.0,-0.84
2024,Vanderbilt,22.0,24.0,-2.0,15.69,1.709999999999999
2024,Villanova,0.0,4.0,-4.0,0.0,-2.56
2024,Virginia,13.0,17.0,-4.0,10.36,7.869999999999999
2024,Virginia Tech,7.0,18.0,-11.0,6.08,-4.92
2024,Virginia Union,1.0,0.0,1.0,0.0,0.0
2024,Wagner,2.0,1.0,1.0,0.0,0.0
2024,Wake Forest,5.0,15.0,-10.0,4.28,-4.249999999999999
2024,Washington,27.0,36.0,-9.0,22.66,-1.129999999999999
2024,Washington State,12.0,27.0,-15.0,9.41,0.9199999999999999
2024,Wayne State,1.0,1.0,0.0,0.0,-0.84
2024,Weber State,5.0,7.0,-2.0,0.87,-3.3600000000000003
2024,West Florida,1.0,0.0,1.0,0.0,0.0
2024,West Georgia,3.0,2.0,1.0,0.87,-0.7899999999999999
2024,West Liberty,0.0,1.0,-1.0,0.0,-0.84
2024,West Virginia,13.0,25.0,-12.0,11.27,-1.4299999999999997
2024,West Virginia State,0.0,1.0,-1.0,0.0,-0.82
2024,Western Carolina,0.0,2.0,-2.0,0.0,-1.72
2024,Western Illinois,5.0,1.0,4.0,0.0,-0.81
2024,Western Kentucky,21.0,30.0,-9.0,12.719999999999999,4.929999999999999
2024,Western Michigan,11.0,23.0,-12.0,8.43,5.89
2024,William & Mary,2.0,1.0,1.0,0.0,-0.9
2024,Wisconsin,16.0,24.0,-8.0,12.36,-1.4700000000000006
2024,Wofford,3.0,2.0,1.0,0.0,0.0
2024,Wyoming,3.0,13.0,-10.0,2.5,0.81
2024,Yale,0.0,5.0,-5.0,0.0,-3.44
2024,Youngstown State,8.0,8.0,0.0,0.0,-5.14
2025,Abilene Christian,17.0,7.0,10.0,0.86,-3.4600000000000004
2025,Adams State,0.0,1.0,-1.0,0.0,0.0
2025,Air Force,0.0,12.0,-12.0,0.0,-2.5
2025,Akron,17.0,20.0,-3.0,9.9,2.33
2025,Alabama,11.0,26.0,-15.0,9.67,-10.639999999999999
2025,Alabama A&M,2.0,10.0,-8.0,0.0,-5.05
2025,Alabama State,6.0,6.0,0.0,0.0,-0.82
2025,Albany,4.0,6.0,-2.0,0.0,-2.56
2025,Alcorn State,4.0,3.0,1.0,0.82,-0.86
2025,American River C.C.,1.0,0.0,1.0,0.0,0.0
2025,Anderson,2.0,0.0,2.0,0.0,0.0
2025,Angelo State,0.0,2.0,-2.0,0.0,-0.83
2025,App State,32.0,43.0,-11.0,22.43,7.140000000000001
2025,Arizona,30.0,38.0,-8.0,24.78,9.430000000000001
2025,Arizona State,17.0,22.0,-5.0,14.51,3.7200000000000006
2025,Arkansas,31.0,43.0,-12.0,25.11,1.8999999999999986
2025,Arkansas State,32.0,29.0,3.0,17.34,8.93
2025,Arkansas-Pine Bluff,1.0,6.0,-5.0,0.0,-2.54
2025,Army,0.0,11.0,-11.0,0.0,-4.3
2025,Ashland University,1.0,0.0,1.0,0.0,0.0
2025,Auburn,21.0,27.0,-6.0,17.51,-2.129999999999999
2025,Austin Peay,23.0,8.0,15.0,4.99,-0.040000000000000036
2025,BYU,13.0,29.0,-16.0,10.93,-0.8599999999999994
2025,Ball State,24.0,34.0,-10.0,11.61,2.2699999999999996
2025,Baylor,23.0,17.0,6.0,18.83,13.719999999999999
2025,Bemidji State,0.0,1.0,-1.0,0.0,-0.86
2025,Benedict College,1.0,1.0,0.0,0.0,0.0
2025,Bethel,0.0,1.0,-1.0,0.0,-0.87
2025,Bethune-Cookman,5.0,5.0,0.0,0.85,-2.46
2025,Boise State,12.0,19.0,-7.0,5.1,0.05999999999999961
2025,Boston College,15.0,19.0,-4.0,11.93,2.6400000000000006
2025,Bowie State,0.0,1.0,-1.0,0.0,0.0
2025,Bowling Green,21.0,29.0,-8.0,15.85,5.67
2025,British Columbia,1.0,0.0,1.0,0.0,0.0
2025,Brown,0.0,3.0,-3.0,0.0,-2.48
2025,Bryant,5.0,1.0,4.0,0.0,0.0
2025,Bucknell,4.0,5.0,-1.0,0.0,-1.6600000000000001
2025,Buffalo,8.0,10.0,-2.0,2.45,0.8400000000000001
2025,Butler,4.0,4.0,0.0,0.0,-2.5
2025,CSU-Pueblo,2.0,0.0,2.0,0.0,0.0
2025,Cal Poly,8.0,7.0,1.0,0.0,-4.16
2025,California,36.0,34.0,2.0,26.56,6.119999999999997
2025,Campbell,7.0,11.0,-4.0,0.0,-5.93
2025,Campbellsville,0.0,2.0,-2.0,0.0,0.0
2025,Carson-Newman College,1.0,1.0,0.0,0.0,0.0
2025,Central Arkansas,10.0,3.0,7.0,0.0,-2.53
2025,Central Connecticut,2.0,1.0,1.0,0.0,-0.91
2025,Central Michigan,10.0,19.0,-9.0,4.99,-0.8699999999999992
2025,Central Missouri,2.0,2.0,0.0,0.0,-1.63
2025,Central Missouri State,0.0,1.0,-1.0,0.0,-0.85
2025,Central Oklahoma,3.0,1.0,2.0,0.0,-0.88
2025,Central Washington,2.0,0.0,2.0,0.0,0.0
2025,Charleston Southern,4.0,4.0,0.0,0.0,-0.85
2025,Charlotte,34.0,44.0,-10.0,24.18,7.16
2025,Chattanooga,6.0,15.0,-9.0,0.81,-9.34
2025,Cincinnati,20.0,13.0,7.0,16.25,8.68
2025,Cisco College,1.0,0.0,1.0,0.0,0.0
2025,Clarion,1.0,0.0,1.0,0.0,0.0
2025,Clark Atlanta,0.0,1.0,-1.0,0.0,0.0
2025,Clemson,4.0,9.0,-5.0,2.61,-4.3100000000000005
2025,Coastal Carolina,30.0,49.0,-19.0,20.119999999999997,5.009999999999998
2025,Coffeyville C.C.,4.0,0.0,4.0,0.0,0.0
2025,Colgate,0.0,3.0,-3.0,0.0,-1.7
2025,College of Idaho,0.0,1.0,-1.0,0.0,0.0
2025,College of San Mateo,3.0,0.0,3.0,0.0,0.0
2025,Colorado,33.0,34.0,-1.0,26.79,9.780000000000001
2025,Colorado School Of Mines,2.0,0.0,2.0,0.0,0.0
2025,Colorado State,18.0,13.0,5.0,11.74,4.090000000000001
2025,Columbia,0.0,5.0,-5.0,0.0,-3.41
2025,Concord University,2.0,1.0,1.0,0.0,0.0
2025,Cornell,0.0,5.0,-5.0,0.0,-2.4899999999999998
2025,Dartmouth,0.0,7.0,-7.0,0.0,-4.1899999999999995
2025,Davenport,1.0,0.0,1.0,0.0,0.0
2025,Davidson,0.0,4.0,-4.0,0.0,0.0
2025,Dayton,3.0,1.0,2.0,0.0,-0.85
2025,Delaware,8.0,3.0,5.0,1.65,-0.030000000000000027
2025,Delaware State,8.0,3.0,5.0,1.72,0.9
2025,Drake,2.0,2.0,0.0,0.0,-0.85
2025,Duke,9.0,13.0,-4.0,7.72,0.9400000000000004
2025,Duquesne,8.0,2.0,6.0,0.0,-1.69
2025,East Carolina,24.0,31.0,-7.0,10.79,1.459999999999999
2025,East Central (OK),0.0,1.0,-1.0,0.0,0.0
2025,East Central C.C.,2.0,0.0,2.0,0.0,0.0
2025,East Mississippi C.C.,1.0,0.0,1.0,0.0,0.0
2025,East Tennessee State,27.0,9.0,18.0,2.4699999999999998,-4.17
2025,East Texas A&M,5.0,4.0,1.0,0.0,-1.67
2025,Eastern Illinois,3.0,3.0,0.0,0.8,-0.9199999999999999
2025,Eastern Kentucky,3.0,2.0,1.0,0.0,-1.73
2025,Eastern Michigan,20.0,30.0,-10.0,6.6,-5.15
2025,Eastern Washington,5.0,4.0,1.0,0.85,-0.86
2025,Edward Waters,1.0,1.0,0.0,0.0,0.0
2025,Elon,2.0,11.0,-9.0,0.0,-7.66
2025,Emory & Henry College,0.0,3.0,-3.0,0.0,-2.58
2025,Emporia State University,2.0,0.0,2.0,0.0,0.0
2025,Fayetteville State,1.0,1.0,0.0,0.0,0.0
2025,Ferris State,3.0,9.0,-6.0,0.0,-6.77
2025,Florida,8.0,20.0,-12.0,5.98,-5.309999999999999
2025,Florida A&M,17.0,5.0,12.0,0.0,-3.34
2025,Florida Atlantic,38.0,36.0,2.0,20.82,9.92
2025,Florida International,23.0,36.0,-13.0,9.19,-5.24
2025,Florida Memorial University,1.0,1.0,0.0,0.0,-0.84
2025,Florida State,22.0,34.0,-12.0,19.34,-4.050000000000001
2025,Fordham,0.0,2.0,-2.0,0.0,-1.66
2025,Fort Hays State,4.0,0.0,4.0,0.86,0.86
2025,Fort Valley State,0.0,3.0,-3.0,0.0,-0.84
2025,Franklin Pierce,0.0,1.0,-1.0,0.0,0.0
2025,Fresno State,21.0,26.0,-5.0,10.82,1.5700000000000003
2025,Furman,3.0,3.0,0.0,1.7,-0.8099999999999998
2025,Gannon,0.0,1.0,-1.0,0.0,-0.82
2025,Garden City C.C. ,3.0,0.0,3.0,0.0,0.0
2025,Gardner-Webb,10.0,8.0,2.0,0.82,-2.47
2025,Georgetown,1.0,3.0,-2.0,0.0,0.0
2025,Georgia,10.0,20.0,-10.0,8.84,-4.41
2025,Georgia Military,1.0,0.0,1.0,0.0,0.0
2025,Georgia Military College Prep,2.0,0.0,2.0,0.0,0.0
2025,Georgia Southern,16.0,18.0,-2.0,7.49,0.8200000000000003
2025,Georgia State,27.0,37.0,-10.0,19.27,7.33
2025,Georgia Tech,23.0,33.0,-10.0,18.1,1.1300000000000026
2025,Glenville State ,0.0,2.0,-2.0,0.0,0.0
2025,Grambling,4.0,5.0,-1.0,0.0,-3.41
2025,Grand Valley State University,3.0,2.0,1.0,0.0,-1.69
2025,Greeneville,0.0,1.0,-1.0,0.0,-0.82
2025,Hampton,4.0,10.0,-6.0,0.0,-7.52
2025,Harding University,3.0,1.0,2.0,0.0,-0.83
2025,Harvard,0.0,10.0,-10.0,0.0,-3.3499999999999996
2025,Hawai'i,13.0,25.0,-12.0,6.58,0.6900000000000004
2025,Henderson State,1.0,1.0,0.0,0.0,0.0
2025,Hinds C.C.,3.0,0.0,3.0,0.0,0.0
2025,Holmes C.C.,1.0,0.0,1.0,0.0,0.0
2025,Holy Cross,3.0,8.0,-5.0,0.0,-5.08
2025,Hope ,1.0,0.0,1.0,0.0,0.0
2025,Houston,28.0,28.0,0.0,20.65,8.669999999999998
2025,Houston Christian,15.0,10.0,5.0,0.0,-3.4
2025,Howard,0.0,1.0,-1.0,0.0,-0.83
2025,Hudson Valley,12.0,12.0,0.0,7.5,4.029999999999999
2025,Idaho,8.0,20.0,-12.0,0.84,-12.79
2025,Idaho State,6.0,6.0,0.0,0.0,-3.4
2025,Illinois,18.0,24.0,-6.0,12.95,3.6899999999999995
2025,Illinois State,7.0,6.0,1.0,0.0,-4.39
2025,Incarnate Word,13.0,8.0,5.0,0.84,-6.01
2025,Independence C.C.,1.0,0.0,1.0,0.86,0.86
2025,Indiana,23.0,27.0,-4.0,18.14,2.290000000000001
2025,Indiana State,8.0,4.0,4.0,0.0,-0.84
2025,Indiana Wesleyan,0.0,1.0,-1.0,0.0,0.0
2025,Indianapolis,1.0,2.0,-1.0,0.0,-0.83
2025,Iowa,9.0,22.0,-13.0,7.76,0.13999999999999968
2025,Iowa Central C.C.,2.0,0.0,2.0,0.0,0.0
2025,Iowa State,8.0,17.0,-9.0,6.91,0.07000000000000028
2025,Iowa Western C.C.,2.0,0.0,2.0,0.0,0.0
2025,Itawamba C.C.,2.0,0.0,2.0,0.0,0.0
2025,Jackson State,10.0,3.0,7.0,0.0,-0.87
2025,Jacksonville State,22.0,27.0,-5.0,13.19,-1.1999999999999993
2025,James Madison,29.0,26.0,3.0,16.78,7.540000000000001
2025,Johnson C Smith,2.0,1.0,1.0,0.0,-0.81
2025,Kansas,27.0,17.0,10.0,21.35,17.12
2025,Kansas State,16.0,26.0,-10.0,12.879999999999999,2.6999999999999993
2025,Keiser (Fl),1.0,1.0,0.0,0.85,0.010000000000000009
2025,Kennesaw State,27.0,23.0,4.0,16.36,8.85
2025,Kent State,12.0,30.0,-18.0,4.95,-5.13
2025,Kentucky,25.0,30.0,-5.0,21.82,-0.379999999999999
2025,Kentucky Wesleyan,0.0,1.0,-1.0,0.0,0.0
2025,Kilgore College,3.0,0.0,3.0,0.0,0.0
2025,King's College,0.0,1.0,-1.0,0.0,0.0
2025,LAKELAND,0.0,1.0,-1.0,0.0,-0.83
2025,LIU Post,0.0,5.0,-5.0,0.0,-3.33
2025,LSU,18.0,23.0,-5.0,15.290000000000001,-0.20999999999999908
2025,Lafayette,3.0,5.0,-2.0,0.0,-2.5
2025,Lake Erie College,1.0,0.0,1.0,0.0,0.0
2025,Lamar,4.0,1.0,3.0,0.0,-0.78
2025,Lane College,1.0,0.0,1.0,0.0,0.0
2025,Lehigh,1.0,0.0,1.0,0.0,0.0
2025,Lenoir-Rhyne,2.0,1.0,1.0,0.85,0.85
2025,Liberty,20.0,28.0,-8.0,9.98,-0.1899999999999995
2025,Limestone,0.0,3.0,-3.0,0.0,-1.6600000000000001
2025,Limestone University,0.0,1.0,-1.0,0.0,-0.86
2025,Lindenwood,8.0,4.0,4.0,0.81,-0.9299999999999999
2025,Louisiana,5.0,12.0,-7.0,3.34,-3.4800000000000004
2025,Louisiana Tech,9.0,33.0,-24.0,5.77,-5.99
2025,Louisville,30.0,30.0,0.0,24.93,4.379999999999999
2025,MANITOBA,0.0,1.0,-1.0,0.0,-0.86
2025,Maine,6.0,4.0,2.0,0.0,-0.86
2025,Marian College,0.0,1.0,-1.0,0.0,-0.9
2025,Mars Hill,1.0,0.0,1.0,0.0,0.0
2025,Marshall,52.0,56.0,-4.0,19.9,0.46000000000000085
2025,Mary Hardin-Baylor,1.0,2.0,-1.0,0.0,-1.64
2025,Maryland,15.0,31.0,-16.0,13.04,-8.21
2025,Massachusetts,35.0,27.0,8.0,18.12,12.23
2025,McKendree,0.0,1.0,-1.0,0.0,0.0
2025,McNeese,6.0,9.0,-3.0,0.0,-4.26
2025,Memphis,36.0,32.0,4.0,23.61,9.299999999999999
2025,Mercer,8.0,5.0,3.0,1.62,-2.62
2025,Mercyhurst College,1.0,1.0,0.0,0.0,-0.85
2025,Merrimack,2.0,2.0,0.0,0.0,-1.7
2025,Miami,18.0,20.0,-2.0,15.18,0.5
2025,Miami (OH),16.0,12.0,4.0,10.81,7.260000000000001
2025,Michigan,17.0,30.0,-13.0,13.78,-4.8100000000000005
2025,Michigan State,23.0,23.0,0.0,19.79,7.91
2025,Middle Tennessee,12.0,31.0,-19.0,10.0,3.33
2025,Midwestern State,1.0,0.0,1.0,0.0,0.0
2025,Miles College,0.0,1.0,-1.0,0.0,0.0
2025,Millersville,0.0,1.0,-1.0,0.0,-0.81
2025,Minnesota,21.0,20.0,1.0,15.53,4.52
2025,Minnesota State Mankato,1.0,0.0,1.0,0.0,0.0
2025,Mississippi College,0.0,1.0,-1.0,0.0,-0.81
2025,Mississippi State,32.0,35.0,-3.0,26.05,3.9499999999999993
2025,Mississippi Valley State,4.0,2.0,2.0,0.0,0.0
2025,Missouri,21.0,24.0,-3.0,18.27,4.42
2025,Missouri S&T,1.0,0.0,1.0,0.0,0.0
2025,Missouri State,15.0,12.0,3.0,2.51,-3.38
2025,Monmouth,5.0,3.0,2.0,0.0,-2.56
2025,Montana,12.0,3.0,9.0,0.83,-1.7399999999999998
2025,Montana State,3.0,5.0,-2.0,2.52,-0.9700000000000002
2025,Morehead State,1.0,1.0,0.0,0.0,0.0
2025,Morgan State,2.0,2.0,0.0,0.0,-0.84
2025,Mt. San Antonio College,1.0,0.0,1.0,0.0,0.0
2025,Murray State,3.0,5.0,-2.0,0.0,-0.84
2025,NC State,18.0,19.0,-1.0,14.58,3.25
2025,Navarro College,3.0,0.0,3.0,0.0,0.0
2025,Navy,0.0,5.0,-5.0,0.0,-0.82
2025,Nebraska,15.0,40.0,-25.0,13.09,-5.829999999999998
2025,Nebraska-Kearney,2.0,1.0,1.0,0.0,-0.82
2025,Nevada,20.0,31.0,-11.0,11.61,2.99
2025,New Hampshire,2.0,3.0,-1.0,0.0,-0.8
2025,New Haven,2.0,1.0,1.0,0.0,-0.86
2025,New Mexico,35.0,36.0,-1.0,22.47,9.85
2025,New Mexico Highlands,1.0,0.0,1.0,0.0,0.0
2025,New Mexico State,21.0,33.0,-12.0,10.709999999999999,-2.0
2025,Newberry,3.0,3.0,0.0,0.0,0.0
2025,Nicholls,4.0,2.0,2.0,0.0,-0.85
2025,Norfolk State,7.0,5.0,2.0,0.86,-1.6600000000000001
2025,North Alabama,9.0,8.0,1.0,2.42,-3.54
2025,North Carolina,39.0,55.0,-16.0,31.28,3.990000000000002
2025,North Carolina A&T,2.0,10.0,-8.0,0.0,-4.21
2025,North Carolina Central,0.0,3.0,-3.0,0.0,-1.7
2025,North Central College,1.0,0.0,1.0,0.0,0.0
2025,North Dakota,8.0,0.0,8.0,0.0,0.0
2025,North Dakota State,3.0,5.0,-2.0,0.81,-3.4999999999999996
2025,North Texas,34.0,49.0,-15.0,21.55,5.57
2025,Northeast Mississippi C.C.,1.0,0.0,1.0,0.0,0.0
2025,Northeastern Oklahoma A&M,1.0,0.0,1.0,0.0,0.0
2025,Northeastern State,1.0,0.0,1.0,0.0,0.0
2025,Northern Arizona,4.0,7.0,-3.0,0.0,-4.2
2025,Northern Colorado,4.0,3.0,1.0,0.0,0.0
2025,Northern Illinois,5.0,26.0,-21.0,0.82,-9.44
2025,Northern Iowa,4.0,6.0,-2.0,0.0,-2.56
2025,Northern Michigan,0.0,1.0,-1.0,0.0,-0.81
2025,Northern State,1.0,0.0,1.0,0.84,0.84
2025,Northwest Mississippi C.C.,3.0,0.0,3.0,0.0,0.0
2025,Northwest Missouri St,2.0,5.0,-3.0,0.0,-2.56
2025,Northwestern,14.0,12.0,2.0,11.9,4.210000000000001
2025,Northwestern State,7.0,3.0,4.0,0.0,-1.67
2025,Northwood (MI),1.0,0.0,1.0,0.0,0.0
2025,Notre Dame,8.0,14.0,-6.0,6.09,-3.4299999999999997
2025,Ohio,21.0,16.0,5.0,10.71,3.130000000000001
2025,Ohio Dominican,0.0,2.0,-2.0,0.0,0.0
2025,Ohio State,11.0,15.0,-4.0,7.97,-3.1000000000000005
2025,Oklahoma,20.0,34.0,-14.0,15.68,-7.82
2025,Oklahoma Baptist,0.0,1.0,-1.0,0.0,0.0
2025,Oklahoma State,40.0,31.0,9.0,30.86,14.82
2025,Old Dominion,12.0,32.0,-20.0,6.6,-5.9399999999999995
2025,Ole Miss,28.0,30.0,-2.0,24.55,9.97
2025,Oregon,11.0,14.0,-3.0,9.030000000000001,1.1800000000000015
2025,Oregon State,14.0,15.0,-1.0,7.74,-1.6099999999999994
2025,Ouachita Baptist,2.0,1.0,1.0,0.0,0.0
2025,Ouachita Baptist University,1.0,0.0,1.0,0.0,0.0
2025,Penn State,8.0,16.0,-8.0,7.02,-2.610000000000001
2025,PennWest California,0.0,4.0,-4.0,0.0,-1.68
2025,Pennsylvania,0.0,5.0,-5.0,0.0,-0.88
2025,Pittsburg St,0.0,2.0,-2.0,0.0,-0.86
2025,Pittsburgh,15.0,26.0,-11.0,12.0,-1.5299999999999994
2025,Portland State,3.0,6.0,-3.0,0.0,-2.52
2025,Prairie View A&M,21.0,3.0,18.0,1.6600000000000001,-0.8399999999999999
2025,Presbyterian,0.0,1.0,-1.0,0.0,-0.82
2025,Princeton,1.0,7.0,-6.0,0.0,-3.3499999999999996
2025,Purdue,51.0,56.0,-5.0,41.839999999999996,2.6599999999999966
2025,Rhode Island,11.0,2.0,9.0,2.58,1.7600000000000002
2025,Rice,11.0,21.0,-10.0,6.55,-2.670000000000001
2025,Richmond,3.0,10.0,-7.0,0.0,-5.92
2025,Robert Morris,8.0,5.0,3.0,0.0,-2.5
2025,Roosevelt,0.0,1.0,-1.0,0.0,0.0
2025,Rutgers,19.0,23.0,-4.0,15.41,3.710000000000001
2025,SMU,20.0,17.0,3.0,16.44,5.520000000000001
2025,Sacramento State,39.0,17.0,22.0,12.74,5.140000000000001
2025,Sacred Heart,1.0,3.0,-2.0,0.0,-1.68
2025,Saddleback College,1.0,0.0,1.0,0.0,0.0
2025,Saginaw Valley State,1.0,2.0,-1.0,0.0,-0.86
2025,Saint Francis,0.0,1.0,-1.0,0.0,0.0
2025,Saint Francis (PA),0.0,5.0,-5.0,0.0,-3.37
2025,Sam Houston,26.0,33.0,-7.0,14.77,2.1400000000000006
2025,Samford,11.0,7.0,4.0,0.0,-5.04
2025,San Diego,4.0,0.0,4.0,0.0,0.0
2025,San Diego State,19.0,25.0,-6.0,10.82,6.66
2025,San José State,13.0,16.0,-3.0,6.71,1.4900000000000002
2025,Savannah St,2.0,0.0,2.0,0.85,0.85
2025,Shaw,0.0,1.0,-1.0,0.0,-0.82
2025,Shepherd,1.0,2.0,-1.0,0.0,0.0
2025,Shepherd University,1.0,0.0,1.0,0.0,0.0
2025,Shippensburg,1.0,1.0,0.0,0.0,-0.81
2025,Shorter,0.0,1.0,-1.0,0.0,-0.82
2025,Slippery Rock,1.0,2.0,-1.0,0.0,-1.7
2025,South Alabama,23.0,24.0,-1.0,17.28,3.6700000000000017
2025,South Carolina,18.0,24.0,-6.0,15.79,1.4399999999999995
2025,South Carolina State,5.0,6.0,-1.0,0.0,-3.37
2025,South Dakota,12.0,8.0,4.0,1.68,-4.430000000000001
2025,South Dakota Mines,0.0,1.0,-1.0,0.0,-0.8
2025,South Dakota State,13.0,21.0,-8.0,0.83,-15.290000000000001
2025,South Florida,23.0,25.0,-2.0,10.08,-1.0
2025,Southeast Missouri State,5.0,5.0,0.0,0.0,-4.26
2025,Southeastern Louisiana,3.0,3.0,0.0,0.0,-0.83
2025,Southern,2.0,6.0,-4.0,0.0,-2.54
2025,Southern Illinois,3.0,9.0,-6.0,0.0,-4.27
2025,Southern Miss,52.0,42.0,10.0,33.31,18.400000000000002
2025,Southern Oregon,0.0,1.0,-1.0,0.0,0.0
2025,Southern Utah,7.0,7.0,0.0,0.0,-3.31
2025,Southwest Baptist,1.0,1.0,0.0,0.0,0.0
2025,Southwest Mississippi C.C.,2.0,0.0,2.0,0.82,0.82
2025,Southwestern College,1.0,0.0,1.0,0.0,0.0
2025,St. Thomas,3.0,4.0,-1.0,0.0,-3.3
2025,Stanford,17.0,27.0,-10.0,14.49,-1.700000000000001
2025,Stephen F. Austin,10.0,5.0,5.0,1.67,0.83
2025,Stetson,2.0,2.0,0.0,0.0,-0.83
2025,Stony Brook,4.0,3.0,1.0,0.84,-0.84
2025,Syracuse,16.0,26.0,-10.0,12.94,-0.7400000000000002
2025,TCU,11.0,19.0,-8.0,9.51,-2.3000000000000007
2025,Tarleton State,6.0,2.0,4.0,0.0,-0.86
2025,Temple,24.0,23.0,1.0,16.74,7.489999999999998
2025,Tennessee,7.0,24.0,-17.0,6.06,-11.48
2025,Tennessee State,12.0,15.0,-3.0,2.52,-5.050000000000001
2025,Tennessee Tech,12.0,4.0,8.0,0.82,-2.58
2025,Texas,11.0,13.0,-2.0,8.8,0.23000000000000043
2025,Texas A&M,13.0,30.0,-17.0,11.48,-6.789999999999999
2025,Texas A&M-Kingsville,1.0,1.0,0.0,0.0,0.0
2025,Texas Southern,4.0,8.0,-4.0,0.0,-2.49
2025,Texas State,34.0,34.0,0.0,19.04,2.009999999999998
2025,Texas Tech,21.0,24.0,-3.0,18.64,6.8100000000000005
2025,Texas-Permian Basin,3.0,1.0,2.0,0.0,-0.85
2025,Texas-Rio Grande Valley,11.0,1.0,10.0,0.0,0.0
2025,The Citadel,3.0,0.0,3.0,0.82,0.82
2025,Thomas More College,0.0,1.0,-1.0,0.0,-0.84
2025,Toledo,20.0,17.0,3.0,13.29,11.639999999999999
2025,Towson,7.0,2.0,5.0,2.5,2.5
2025,Trinity,2.0,0.0,2.0,0.83,0.83
2025,Trinity (Texas),1.0,0.0,1.0,0.0,0.0
2025,Trinity Valley C.C.,2.0,0.0,2.0,0.79,0.79
2025,Troy,4.0,12.0,-8.0,1.7,-5.85
2025,Tufts University,0.0,1.0,-1.0,0.0,0.0
2025,Tulane,30.0,27.0,3.0,19.29,3.0599999999999987
2025,Tulsa,31.0,34.0,-3.0,22.419999999999998,10.519999999999998
2025,Tuskegee,2.0,0.0,2.0,0.0,0.0
2025,Tyler J.C. ,1.0,0.0,1.0,0.0,0.0
2025,UAB,29.0,37.0,-8.0,16.669999999999998,0.6699999999999982
2025,UC Davis,9.0,2.0,7.0,0.85,-0.89
2025,UCF,38.0,50.0,-12.0,29.07,2.710000000000001
2025,UCLA,30.0,35.0,-5.0,24.98,10.42
2025,UConn,23.0,22.0,1.0,14.2,8.219999999999999
2025,UL Monroe,14.0,22.0,-8.0,10.799999999999999,3.1099999999999994
2025,UNC-Pembroke,3.0,1.0,2.0,0.0,0.0
2025,UNLV,40.0,43.0,-3.0,22.71,0.7300000000000004
2025,USC,15.0,28.0,-13.0,13.07,-6.18
2025,UT Martin,8.0,7.0,1.0,0.0,-2.57
2025,UT-Rio Grande Valley,3.0,0.0,3.0,0.0,0.0
2025,UT-Rio Grande Valley (Do not use),1.0,0.0,1.0,0.0,0.0
2025,UTEP,26.0,39.0,-13.0,13.309999999999999,1.549999999999999
2025,UTSA,20.0,20.0,0.0,12.61,5.749999999999999
2025,UVA Wise,1.0,0.0,1.0,0.0,0.0
2025,University of Charleston,0.0,1.0,-1.0,0.0,-0.84
2025,Upper Iowa University,1.0,1.0,0.0,0.0,0.0
2025,Utah,21.0,33.0,-12.0,16.39,-4.84
2025,Utah State,24.0,38.0,-14.0,14.7,-3.8999999999999986
2025,Utah Tech,9.0,8.0,1.0,0.0,-3.32
2025,VMI,0.0,2.0,-2.0,0.0,-1.68
2025,Valdosta State,5.0,4.0,1.0,0.0,-3.27
2025,Valparaiso,0.0,2.0,-2.0,0.0,-1.67
2025,Vanderbilt,20.0,21.0,-1.0,15.55,4.620000000000001
2025,Villanova,3.0,2.0,1.0,0.0,-0.85
2025,Virginia,31.0,23.0,8.0,25.85,18.220000000000002
2025,Virginia Tech,30.0,31.0,-1.0,24.89,4.460000000000001
2025,Virginia Union,0.0,3.0,-3.0,0.0,-2.56
2025,Wagner,1.0,2.0,-1.0,0.0,-1.67
2025,Wake Forest,33.0,27.0,6.0,27.34,10.11
2025,Walsh,0.0,1.0,-1.0,0.0,-0.84
2025,Washburn,1.0,2.0,-1.0,0.0,-0.88
2025,Washington,18.0,32.0,-14.0,12.07,-5.140000000000001
2025,Washington State,34.0,70.0,-36.0,21.06,-5.460000000000001
2025,Wayne State,1.0,1.0,0.0,0.0,-0.81
2025,Weber State,7.0,8.0,-1.0,1.67,-1.71
2025,West Alabama,0.0,2.0,-2.0,0.0,-0.82
2025,West Chester,1.0,1.0,0.0,0.0,0.0
2025,West Florida,2.0,5.0,-3.0,0.0,-2.4899999999999998
2025,West Georgia,5.0,9.0,-4.0,0.0,-3.3499999999999996
2025,West Liberty,0.0,2.0,-2.0,0.0,-0.81
2025,West Texas A&M,5.0,1.0,4.0,0.0,-0.82
2025,West Virginia,51.0,50.0,1.0,41.85,11.250000000000004
2025,West Virginia State,0.0,1.0,-1.0,0.0,0.0
2025,Western Carolina,5.0,10.0,-5.0,0.83,-5.13
2025,Western Colorado,0.0,1.0,-1.0,0.0,-0.83
2025,Western Illinois,3.0,6.0,-3.0,0.0,-2.54
2025,Western Kentucky,42.0,39.0,3.0,27.419999999999998,11.479999999999999
2025,Western Michigan,23.0,28.0,-5.0,11.64,5.74
2025,William & Mary,4.0,3.0,1.0,0.83,-0.020000000000000018
2025,William Jewell College,1.0,0.0,1.0,0.0,0.0
2025,Wilson,0.0,1.0,-1.0,0.0,-0.87
2025,Wingate,1.0,2.0,-1.0,0.0,-0.85
2025,Winona State,0.0,1.0,-1.0,0.0,0.0
2025,Winston-Salem State,1.0,0.0,1.0,0.0,0.0
2025,Wisconsin,18.0,33.0,-15.0,15.59,-1.6499999999999986
2025,Wittenberg,1.0,0.0,1.0,0.0,0.0
2025,Wofford,6.0,3.0,3.0,0.0,-0.85
2025,Wyoming,17.0,22.0,-5.0,5.82,-1.8099999999999996
2025,Yale,1.0,13.0,-12.0,0.85,-4.15
2025,Youngstown State,4.0,9.0,-5.0,0.0,-3.34
